Chapter,Verse,Word,MS_M,MS_B,Categories,Subcategories_1,Subcategories_2,Category_names,Subcategory_names,Comments
40,13,1,חיל,מחול,Morphological,Grammatical,,Lexical,Synonym,
,,2,מעול,אל,Lexical,,,,,
,,3,,חול,Lexical,,,,,
,14,1,עם,עם,Same,,,Morphological,Anthonym,
,,2,,עם,Plus_Minus,,,Inversion,Metathesis,
,,3,שאתו,שאתו,Same,,,,Preposition,
,,4,כפי[ם],כפים,Unclassifiable,,,,,
,15,1,נצר,נוצר,Morphological,Orthographical,,,,
,,2,חמס,מחמס,Morphological,Preposition,,,,
,,3,לא,לא,Same,,,,,
,,4,יכה,ינקה,Lexical,,,,,
,,5,,כי,Plus_Minus,,,,,
,,6,,שורש,Plus_Minus,,,,,
,,7,,חנף,Plus_Minus,,,,,
,,8,,על,Plus_Minus,,,,,
,,9,שן,שן,Same,,,,,
,,10,צר,סלע,Lexical,,,,,
,16,1,כקרמית,כקרדמות,Lexical,,,,,
,,2,על,על,Same,,,,,
,,3,גפות,גפת,Morphological,Orthographical,,,,
,,4,נחל,נחל,Same,,,,,
,,5,[לפני,מפני,Unclassifiable,,,,,
,,6,כ]ל,כל,Unclassifiable,,,,,
,,7,חציר,מטר,Lexical,,,,,
,,8,נדעך,נדעכו,Morphological,Suffix Pron.,,,,
,17,1,חסד,וחסד,Morphological,Coordination,,,,
,,2,כעד,לעולם,Lexical,Synonym,,,,
,,3,לא,לא,Same,,,,,
,,4,תכרת,ימוט,Lexical,Synonym,,,,
,,5,וצדקה,וצדקה,Same,,,,,
,,6,לעד,לעד,Same,,,,,
,,7,תכן,תכון,Morphological,Orthographical,,,,
,18,1,חיי,חיי,Same,,,,,
,,2,יתר,יין,Lexical,,,,,
,,3,ש̊כר,ו֟שכר,Morphological,Coordination,,,,
,,4,ימתקו,ימתקו,Same,,,,,
,,5,ומ̇ש̇ניהם,ומשנ̇יהם,Same,,,,,
,,6,מ֗צ֯א֯[.     ],מוצא,Unclassifiable,,,,,
,,7,,אוצ֟ר,Unclassifiable,,,,,
,19,1,ילד,ילד,Same,,,,,
,,2,ו[עיר,ועיר,Unclassifiable,,,,,
,,3,יעמ]ידו,יעמידו,Unclassifiable,,,,,
,,4,שם,שם,Same,,,,,
,,5,ומשניהם,ומשניהם,Same,,,,,
,,6,מ̊ו̊צ̊[,מוצא,Unclassifiable,,,,,
,,7,,חכמה,Unclassifiable,,,,,
,,8,,שגר,Unclassifiable,,,,,
,,9,,ונטע,Unclassifiable,,,,,
,,10,]ו̇,יפריחו,Unclassifiable,,,,,
,,11,שאר,שם,Lexical,,,,,
,,12,ו̇מ̊ש̇נ̊י̊[הם,ומשניהם,Unclassifiable,,,,,
,,13,אשה,אשה,Same,,,,,
,,14,נ]ח̊שקת,נחשקת,Unclassifiable,,,,,
,26,1,,חיל,Unclassifiable,,,,,
,,2,,וכח,Unclassifiable,,,,,
,,3,,יגב̊̊[י]ה̊̊ו̊̊,Unclassifiable,,,,,
,,4,,לב,Unclassifiable,,,,,
,,5,,ומשניהם,Unclassifiable,,,,,
,,6,,[י]ר̇את,Unclassifiable,,,,,
,,7,,אלהים,Unclassifiable,,,,,
,,8,,אין,Unclassifiable,,,,,
,,9,,ביראת,Unclassifiable,,,,,
,,10,,ייי,Unclassifiable,,,,,
,,11,,מחסור,Unclassifiable,,,,,
,,12,[ו]אין,ואין,Same,,,,,
,,13,לבקש,לבקש,Same,,,,,
,,14,עמה,עמה,Same,,,,,
,,15,,מ̇ש̊̊ען,Same,,,,,
,27,1,,יראת,Plus_Minus,,,,,
,,2,,אלהים,Plus_Minus,,,,,
,,3,,כעדן,Plus_Minus,,,,,
,,4,,ברכה,Plus_Minus,,,,,
,,5,ועל,וכן,Lexical,,,,,
,,6,כל,כל,Same,,,,,
,,7,כב[ו]ד,כבוד,Same,,,,,
,,8,חפתה,חפתה,Same,,,,,
,28,1,[,מ֟ני,Unclassifiable,,,,,
,,2,,חיי,Unclassifiable,,,,,
,,3,,מתן,Unclassifiable,,,,,
,,4,,אל,Unclassifiable,,,,,
,,5,],תחי,Unclassifiable,,,,,
,,6,טוב,טוב,Same,,,,,
,,7,[נא]ש̇ף,נאסף,Unclassifiable,,,,,
,,8,◦ממחצף,ממסתולל,Lexical,,,,,
,29,1,[,איש,Unclassified,,,,,
,,2,,משגיח,Unclassifiable,,,,,
,,3,,על,Unclassifiable,,,,,
,,4,,שלחן,Unclassifiable,,,,,
,,5,],זר,Unclassifiable,,,,,
,,6,[אין,אין,Unclassifiable,,,,,
,,7,חייו,חייו,Unclassifiable,,,,,
,,8,ל]מ̊נ̇ות,למנות,Unclassifiable,,,,,
,,9,חיים,חיים,Same,,,,,
,,10,[,מעגל,Unclassifiable,,,,,
,,11,],נ֟פש,Unclassifiable,,,,,
,,12,מ̊ט̊[עמו],מטעמו֟,Unclassifiable,,,,,
,,13,[לאי]ש,לאיש,Unclassifiable,,,,,
,,14,י̇ודע̊,יודע,Same,,,,,
,,15,יסור,סוד,Lexical,,,,,
,,16,מעים,מעים,Same,,,,,
,30,1,בפי,לאיש,Lexical,,,,,
,,2,עז,עוז,Morphological,Orthographical,,,,
,,3,[נ]פ֯ש,נ֟פש,Unclassifiable,,,,,
,,4,ת[מתיק,ת֟מתיק,Unclassifiable,,,,,
,,5,שאלה],שאלה,Unclassifiable,,,,,
,,6,[בקרב]ו,בקרבו,Unclassifiable,,,,,
,,7,כאש,תבער,Lexical,,,,,
,,8,תבער,כמו,Lexical,,,,,
,,9,,אש,Plus_Minus,,,,,
41,1,1,הו̇[י],חי֟ים,Unclassifiable,,,,,
,,2,ל̇[מות,למות,Unclassifiable,,,,,
,,3,מה,מה,Same,,,,,
,,4,מר,מ̇ר,Same,,,,,
,,5,ז ]כ֯ר֯ך֗,יב̇רך,Unclassifiable,,,,,
,,6,ל̇איש,לאיש,Same,,,,,
,,7,שקט,שוקט̊̊,Morphological,Orthographical,,,,
,,,שקט,שוקט̊̊,Morphological,Grammatical,,,,
,,8,על,על,Same,,,,,
,,9,מכונתו,מכונתו,Same,,,,,
,,10,,איש,Plus_Minus,,,,,
,,11,שלו,שליו,Morphological,Orthographical,,,,
,,12,ומצ̊ל̊י̊ח̊,ומצ̇ליח,Same,,,,,
,,13,בכל,בכל,Same,,,,,
,,14,עוד,ועוד,Morphological,Coordination,,,,
,,15,בו,בו̇,Same,,,,,
,,16,כח,ח̇יל,Lexical,Synonym,,,,
,,17,לקבל,לקבל,Same,,,,,
,,18,תענוג,תענוג,Same,,,,,
,2,1,הע,האח,Lexical,Synonym,,,,
,,2,למות,למות,Same,,,,,
,,3,מה,כי,Lexical,,,,,
,,4,טוב,טוב,Same,,,,,
,,5,ח̊[קך],ח֟ק֟י֟ך,Unclassifiable,,,,,
,,6,ל]אין,לאיש,Unclassifiable,,,,,
,,7,אוינים,אונים,Morphological,Orthographical,,,,
,,8,וחסר,וחסר,Same,,,,,
,,9,עצבה,עצמה,Lexical,,,,,
,,10,איש,איש,Same,,,,,
,,11,כשל,כושל,Morphological,Orthographical,,,,
,,12,{מ֯של֯},,Unclassifiable,,,,,
,,13,ונוקש,ינק֟ש,Morphological,Grammatical,,,,
,,14,בכ̊[ל ],בכל,Unclassifiable,,,,,
,,15,אפס,סרב,Lexical,,,,,
,,16,המרה,,Plus_Minus,,,,,
,,17,ואבוד,ואבד,Morphological,Orthographical,,,,
,,18,תקוה,תקוה,Same,,,,,
,3,1,אל,אל,Same,,,,,
,,2,תפחד,תפחד,Same,,,,,
,,3,ממות,ממות,Same,,,,,
,,4,ח֯קך,חוקיך,Morphological,Orthographical,,,,
,,5,זכר,זכ̊̊ו̇ר,Morphological,Orthographical,,,,
,,,זכר,זכ̊̊ו̇ר,Morphological,Grammatical,,,,
,,6,,כי,Plus_Minus,,,,,
,,7,קדמון,ראשנים,Lexical,Synonym,,,,
,,8,ואחרון,ואחרנים,Lexical,Synonym,,,,
,,9,עמך,עמך,Same,,,,,
,4,1,זה,זה,Same,,,,,
,,2,קץ,חלק,Lexical,,,,,
,,3,כל,כל,Same,,,,,
,,4,[בני,בשר,Unclassifiable,,,,,
,,5,אד]ם̊,מאל,Unclassifiable,,,,,
,,6,[ומה,ומה,Unclassifiable,,,,,
,,7,תמאס,תמאס,Same,,,,,
,,8,ב]ת̊ו̊[רת],בתורת,Unclassifiable,,,,,
,,9,עליו[ן],עליו̊̊[ן],Same,,,,,
,,10,לעשר,לאלף,Lexical,,,,,
,,11,מאה,שנים,Lexical,,,,,
,,12,וא֗ל֯ף,מאה,Lexical,,,,,
,,13,שנים,ועשר,Lexical,,,,,
,,14,[,אי֟ש,Unclassifiable,,,,,
,,15,,תוכחות,Unclassifiable,,,,,
,,16,,בשא̊̊[ו]ל̇,Unclassifiable,,,,,
,,17,],חיים,Unclassifiable,,,,,
,5,1,,,,,,,,
,,2,נין,נין֟,Same,,,,,
,,3,נמאס,נמאס,Same,,,,,
,,4,ת[ל]דות,דבר֟,Lexical,,,,,
,,5,רעים,ערים,Lexical,,,,,
,,6,],רעים,Unclassifiable,,,,,
,,7,,ונכד,Unclassifiable,,,,,
,,8,,אויל,Unclassifiable,,,,,
,,9,,ב̊̊מ̇ג̇ו̇[ר,Unclassifiable,,,,,
,,10,ר]ש̊ע,רש]ע,Unclassifiable,,,,,
,6,1,[מבן,מבן֟,Unclassifiable,,,,,
,,2,עו]ל֯,עול,Unclassifiable,,,,,
,,3,ת̊א̊ב̊ד̊,,Plus_Minus,,,,,
,,4,ממ[שלת,ממשלת,Unclassifiable,,,,,
,,5,,רע,Unclassifiable,,,,,
,,6,עם,ע̊̊ם̊̊̊̊,Same,,,,,
,,7,זרעו],זרע̇[ו,Unclassifiable,,,,,
,,8,ת̇מ̇י̊[ד ],ת]מ̊̊י̊̊ד̊̊,Unclassifiable,,,,,
,,9,חרפה,[ חרפ]ה̇,Unclassifiable,,,,,
,7,1,א[ב,אב,Unclassifiable,,,,,
,,2,רשע],רשע,Unclassifiable,,,,,
,,3,י֗ק֗ב,יקוב̇,Morphological,Orthographical,,,,
,,,י֗ק֗ב,יקוב̇,Morphological,Grammatical,,,,
,,4,יל[ ד ],י̊̊לד,Unclassifiable,,,,,
,,5,[כי,כ̇י̊̊,Unclassifiable,,,,,
,,6,ב]ג̊ללו,ב̊̊ג̊̊ללו̊̊,Unclassifiable,,,,,
,,7,היו,,Unclassifiable,,,,,
,,8,בוז,[ ]ן̊̊,Unclassifiable,,,,,
,8,1,ה֯[וי,א̊̊ו̊̊י̊̊,Unclassifiable,,,,,
,,2,א̊נ̊ש̊י̊,לכ̊̊ם̊̊,Lexical,,,,,
,,3,]◦◦,]◦,Unclassifiable,,,,,
,,4,[,◦ [,,,,,,
,,5,ע̇זבי,,Unclassifiable,,,,,
,,6,תורת,],Unclassifiable,,,,,
,,7,עליון,ע]ל̊̊יון,Unclassifiable,,,,,
,9,1,],אם,Unclassifiable,,,,,
,,2,]ל̇,ת̇פ̊̊ר̊̊ח̊̊ו̇,Unclassifiable,,,,,
,,3,]◦,[ע]ל̇,Unclassifiable,,,,,
,,4,,ידי,Unclassifiable,,,,,
,,5,[,אסון,Unclassifiable,,,,,
,,6,ואם,א̊̊ם̊̊,Morphological,Coordination,,,,
,,7,תולידו,ת̊̊ולידו,Same,,,,,
,,8,>,>,,,,,,
,,9,>,>,,,,,,
,,10,>,>,,,,,,
,,11,>,>,,,,,,
,,12,>,>,,,,,,
,,13,>,>,,,,,,
,,14,>,>,,,,,,
,,15,>,>,,,,,,
,,16,לאנחה,לאנחה,Same,,,,,
,,17,[אם,א̇ם,Unclassifiable,,,,,
,,18,תכש]ל̇ו,תכשלו,Unclassifiable,,,,,
,,19,[ל]ש̊מחת,לשמחת,Unclassifiable,,,,,
,,20,ע̇ם,עולם,Lexical,,,,,
,,21,ואם,אם,Morphological,Coordination,,,,
,,22,תמותו,תמותו,Same,,,,,
,,23,לקללה,לק̊̊ללה,Same,,,,,
,10,1,[כל,כל,Unclassifiable,,,,,
,,2,מ]אפס,מא֟פס,Unclassifiable,,,,,
,,3,אל,אל,Same,,,,,
,,4,אפס,אפ֟ס,Same,,,,,
,,5,ישוב,ישוב,Same,,,,,
,,6,כן,כ֟ן,Same,,,,,
,,7,חנף,חנף,Same,,,,,
,,8,מתהו,מתהו,Same,,,,,
,,9,אל,אל,Same,,,,,
,,10,תהו,תהו,Same,,,,,
,11,1,ה̇ב̊[ל,הבל,Unclassifiable,,,,,
,,2,אד]ם̊,אדם,Unclassifiable,,,,,
,,3,◦◦,בגויתו,Unclassifiable,,,,,
,,4,[אך],אך,Unclassifiable,,,,,
,,5,]שם,שם,Unclassifiable,,,,,
,,6,ח̇ס̊ד̊,חסד,Same,,,,,
,,7,ללא,לא,Morphological,Preposition,,,,
,,8,יכ̊ר̇ת,יכרת,Same,,,,,
,12,1,פ̊חד,פחד,Same,,,,,
,,2,ע̇ל,על,Same,,,,,
,,3,שם,שם,Same,,,,,
,,4,כי,כי,Same,,,,,
,,5,הוא,הוא,Same,,,,,
,,6,ילוך,ילוך,Same,,,,,
,,7,מ̇א̊לפי,מאלפי,Same,,,,,
,,8,ש̊י̊מ̊ת̊,אוצ֟רות,Lexical,,,,,
,,9,ח̊מ̊ד̇ה̊,חכ֟מה,Lexical,,,,,
,13,1,[ט]ו̊בת,טו֟בת,Unclassifiable,,,,,
,,2,חי,חי,Same,,,,,
,,3,מספר,ימי,Inversion,,,,,
,,4,ימים,מספר,Inversion,,,,,
,,5,וטוב̇ת̊,וטו֟בת,Same,,,,,
,,6,ש̊ם̊,שם,Same,,,,,
,,7,י̊מ̊י̊,ימי,Same,,,,,
,,8,אין,אין,Same,,,,,
,,9,מ̇ספר,מספר,Same,,,,,
,14bc,1,[ח]כמה,חכמה,Unclassifiable,,,,,
,,2,טמונה,טמונה,Same,,,,,
,,3,ושימה,ואוצר,Lexical,Synonym,,,,
,,4,מסתרת,מוסתר,Morphological,Grammatical,,,,
,,5,מה,מה,Same,,,,,
,,6,תעלה,תועלה,Morphological,Orthographical,,,,
,,7,בשתיהם,בשתיהם,Same,,,,,
,15,1,טוב ,טוב ,Same,,,,,
,,3,איש,איש,Same,,,,,
,,4,מטמן,מצפין,Lexical,Synonym,,,,
,,5,אולתו,אולתו,Same,,,,,
,,6,מאיש,מאיש,Same,,,,,
,,7,מצפן,מצפין,Morphological,Orthographical,,,,
,,8,חכמתו,חכמתו,Same,,,,,
,14a/16a,1,מוסר,מוסר,Same,,,,,
,,2,בשת,בשת,Same,,,,,
,,3,שמעו,שמעו,Same,,,,,
,,4,בנים,בנים,Same,,,,,
,,5,[וה]כ̊למ̊ו̇,והכלמו,Unclassifiable,,,,,
,,6,על,על,Same,,,,,
,,7,משפטי,משפט֟י,Same,,,,,
,16bc,1,לא,לא,Same,,,,,
,,2, כל, כל,Same,,,,,
,,3,בשת,בשת,Same,,,,,
,,4,נאוה,נאה,Morphological,Orthographical,,,,
,,5,לבוש,לשמר,Lexical,,,,,
,,6,ולא,ולא,Same,,,,,
,,7,כל,כל,Same,,,,,
,,8,הכלם,הכלם,Same,,,,,
,,9,נבחר,נבחר,Same,,,,,
,17,1,בוש,בוש,Same,,,,,
,,2,מאב,מאב,Same,,,,,
,,3,ואם,ואם,Same,,,,,
,,4,על,אל,Lexical,,,,,
,,5,פחז,זנות,Lexical,,,,,
,,6,מנשיא,מנשיא,Same,,,,,
,,7,ושר,יושב֟,Lexical,,,,,
,,8,על,אל,Lexical,,,,,
,,9,כ̇ח̊ש̇,כחש,Same,,,,,
,18,1,מאדון,מאדון,Same,,,,,
,,2,וגבר̇[ת],וגברת,Same,,,,,
,,3,על,על,Same,,,,,
,,4,קשר,שקר,Lexical,Metathesis,,,,
,,5,מעדם,מעדה,Morphological,Suffix Pron.,,,,
,,6,ועם,ועם,Same,,,,,
,,7,[ע]ל,על,Unclassifiable,,,,,
,,8,[פ]ש̇ע,פשע,Unclassifiable,,,,,
,18c/19a,1,משותף,מ̊̊ח̊̊ב֟֟̇ר̇,Lexical,,,,,
,,2,ורע,ורע,Same,,,,,
,,3,על,על,Same,,,,,
,,4,מעל,מעל,Same,,,,,
,,5,ממקום,וממקום,Morphological,Coordination,,,,
,,6,תגור,תגור֟,Same,,,,,
,,7,ע̇ל̇,על,Same,,,,,
,,8,יד,ז֟ר,Lexical,,,,,
,19bc,1,מהפר,מ̊̊[ה]פ̊̊ר̊̊,Unclassifiable,,,,,
,,2,אלה,א̊̊לה,Same,,,,,
,,3,וברית,וברית,Same,,,,,
,,4,וממטה,ממטה,Morphological,Coordination,,,,
,,5,אציל,אציל,Same,,,,,
,,6,על,אל,Lexical,,,,,
,,7,לחם,לחם,Same,,,,,
,19d/21a,1,ממנ̊[ע ],מ̊̊מ̊̊[נ]ע̊̊,Unclassifiable,,,,,
,,2,מתת,מ̊̊ת̊̊ת̊̊,Same,,,,,
,,3,שאלה,שאלה,Same,,,,,
,,5,ומהשיב,מהשב֟,Morphological,Coordination,Orthographical,,,
,,6,את,,Plus_Minus,,,,,
,,7,פני,אפי,Lexical,,,,,
,,8,שארך,רעך,Lexical,,,,,
,21b/20a,1,מחש{א}ות,מהש◦[],Unclassifiable,,,,,
,,2,מחלקת,מ̊̊ח̊̊לקו̇ת,Morphological,Orthographical,,,,
,,3,מנה,מנה,Same,,,,,
,,4,ומשאל,מ̊̊ש֟̊̊א̊̊ו̇ל,Morphological,Coordination,,,,
,,5,שלום,שלום,Same,,,,,
,,6,החריש,מהח̇ריש,Morphological,Preposition,,,,
,21c/20b or 22ab,1,מהביט,מהביט,Same,,,,,
,,2,א[],א[],Unclassifiable,,,,,
,,3,,◦◦◦◦֟◦,Unclassifiable,,,,,
,,4, ומהתקומם,ומהת̊̊ק̇מ̊̊ם̊̊,Morphological,Orthographical,,,,
,,5,אל,ע̊̊ל̇,Lexical,,,,,
,,6,ז]רה,ש̊̊פ̊̊ח֟̊̊ת̊̊ך̊̊,Unclassifiable,,,,,
,22cd,1,מאהב,מאוהב,Same,,,,,
,,2,על,על,Same,,,,,
,,3,דברי,ד̊̊ב̊̊רי,Same,,,,,
,,4,חסד,חרפה,Lexical,,,,,
,,5,ומאחר,ומאחרי,Morphological,,,,,
,,6,מתת,מת̇ת̇,Same,,,,,
,,7,,א̇ל̇,Plus_Minus,,,,,
,,8,חרף,ת̇נ̇אץ,Lexical,Synonym,,,,
42,1,1,משנות,משנות,Same,,,,,
,,2,דב̊ר,דבר,Same,,,,,
,,3,תשמע,תשמע,Same,,,,,
,,4,ומחשף,ומחסוף,Lexical,Phonetic_affinity,,,,
,,5,כל,כל,Same,,,,,
,,6,דבר,ס֟וד,Lexical,,,,,
,,7,עצה,עצה,Same,,,,,
,,8,ו̊ה̊[י]ית,והיית,Unclassifiable,,,,,
,,9,בויש,בוש,Morphological,Orthographical,,,,
,,10,באמת,באמת,Same,,,,,
,,11,ומצא,ומצא,Same,,,,,
,,12,חן,חן,Same,,,,,
,,13,בעיני,בעיני,Same,,,,,
,,14,כל,כל,Same,,,,,
,,15,חי,חי,Same,,,,,
,,16,[אך],אך,Unclassifiable,,,,,
,,17,על,ע֟ל,Same,,,,,
,,18,אלה,אלה,Same,,,,,
,,19,אל,אל,Same,,,,,
,,20,תבוש,תבוש,Same,,,,,
,,21,ואל,ואל,Same,,,,,
,,22,תשא,תשא,Same,,,,,
,,23,פנים,פנים,Same,,,,,
,,24,וחטא,וחטא,Same,,,,,
,2,1,על,ע̊̊ל̊̊,Same,,,,,
,,2,תורת,ת̊̊ו̊̊ר̊̊ת,Same,,,,,
,,3,עליון,עליון,Same,,,,,
,,4,וחק,וחוק,Morphological,Orthographical,,,,
,,5,ועל,ועל,Same,,,,,
,,6,משפט,מצ֟דיק,Lexical,Synonym,,,,
,,7,להצדיק,להצדיק,Same,,,,,
,,8,רשע,רשע,Same,,,,,
,3,1,על,על,Same,,,,,
,,2,חשבון,חשבון,Same,,,,,
,,3,,ב̶,,,,,,
,,4,שותף,חו֟בר,Lexical,,,,,
,,5,,ואדון,Plus_Minus,,,,,
,,6,ודרך,וא֔רח,Lexical,,,,,
,,7,ועל,ועל,Same,,,,,
,,8,מחלקת,מחלקות,Morphological,Orthographical,,,,
,,9,נחלה,נחלה,Same,,,,,
,,10,ויש,ויש֟,Same,,,,,
,4ab,1,על,ועל,Morphological,Coordination,,,,
,,2,שחקי,שחק,Morphological,Orthographical,,,,
,,3,מזנים,מאז̇̇נים,Morphological,Orthographical,,,,
,,4,ופלס,ופלס,Same,,,,,
,,5,וע̊ל,ועל,Same,,,,,
,,6,תמחי,תמהות֟,Lexical,,,,,
,,7,איפה,איפה,Same,,,,,
,,8,ואבן,ואבן,Same,,,,,
,4c/5a,1,על,על,Same,,,,,
,,2,מקנה,מק֟נה,Same,,,,,
,,3,בין,בין,Same,,,,,
,,4,ר̇ב̊,רב,Same,,,,,
,,5,למע̊[ט],למעט,Unclassifiable,,,,,
,,6,[ועל ],ועל,Unclassifiable,,,,,
,,7,מ̊מחיר,ממ֟ח̇יר̇,Same,,,,,
,,8,ממכר,מ̊̊מכר,Same,,,,,
,,9,תגר,תגר,Same,,,,,
,,10,[]ר֯ה,>,Unclassifiable,,,,,
,,11,ועבד,>,Plus_Minus,,,,,
,,12,רע,>,Plus_Minus,,,,,
,,13,וצלע,>,Plus_Minus,,,,,
,,14,מהלמת,>,Plus_Minus,,,,,
,6,1,[על,על,Unclassifiable,,,,,
,,2,אשה,אשה,Same,,,,,
,,3,תפ]ש̇ת,רע֟ה,Unclassifiable,,,,,
,,4,חותם,חותם,Same,,,,,
,,5,,חכם,Plus_Minus,,,,,
,,6,ומקום,ומקום,Same,,,,,
,,7,ידים,ידים,Same,,,,,
,,8,רבות,רפות,Lexical,,,,,
,,9,מפתח,תפתח,Same,,,,,
,7,1,על,על,Same,,,,,
,,2,מ̇[קום],מקום,Unclassifiable,,,,,
,,3,תפקיד,תפק֟ד֟,Morphological,Orthographical,,,,
,,4,,יד֟,Plus_Minus,,,,,
,,5,מספר,תספור,Morphological,Grammatical,,,,
,,6,ש[ואה ],ומתת,Unclassifiable,,,,,
,,7,ו̊תת,ו֟לקח,Lexical,Anthonym,,,,
,,8,הכל,הכל,Same,,,,,
,,9,בכתב,בכתב,Same,,,,,
,8,1,על,על,Same,,,,,
,,2,מו̊[סר,מ̇ו̊̊ס֟ר,Unclassifiable,,,,,
,,3,פ]ותה,פותה,Unclassifiable,,,,,
,,4,וכסיל,וכסיל,Same,,,,,
,,5,[וש]ב,ושב,Unclassifiable,,,,,
,,6,כ̇ושל,ו֟ישיש,Lexical,,,,,
,,7,,ונוטל,Plus_Minus,,,,,
,,8,ענה,(ושואַל),Lexical,Anthonym,,,,
,,9,,ע֟צה֟,Plus_Minus,,,,,
,,10,בזנות,בזנות,Same,,,,,
,,11,והיית,והיית,Same,,,,,
,,12,זהיר,זהיר,Same,,,,,
,,13,באמת,באמת,Same,,,,,
,,14,[ואיש,ואי̊̊ש,Unclassifiable,,,,,
,,15,צנו]ע̊,צנוע,Unclassifiable,,,,,
,,16,לפ̇נ̇י̇,לפני,Same,,,,,
,,17,כל,כל,Same,,,,,
,,18,ח̇י̊,חי,Same,,,,,
,9,1,בש̇{א}ת,בת,Unclassifiable,,,,,
,,2,לאב,לאב,Same,,,,,
,,3,מטמון,מטמנת,Morphological,Grammatical,,,,
,,4,שק̇[ר],שקר,Unclassifiable,,,,,
,,5,[דאגתה,דא֟גה,Unclassifiable,,,,,
,,6,תפ]ר֯יד,תפר̇יש̇,Lexical,,,,,
,,7,נומה,נ̊̊[ו]ם̊̊,Unclassifiable,,,,,
,,8,בנעוריה,בנעוריה,Same,,,,,
,,9,פן,פן,Same,,,,,
,,10,תמאס,תגורי̶,Lexical,,,,,
,,11,וב̇על̇יה,ובבתוליה,Lexical,,,,,
,,12,פן,פן,Same,,,,,
,,13,ת̊[פת]ה̊,ת̊̊פ̊̊ת̊̊[ה],Unclassifiable,,,,,
,10,1,בבתוליה,בבתוליה,Same,,,,,
,,2,פן,פן,Same,,,,,
,,3,תחל,תפ֟ותה,Lexical,,,,,
,,4,ועל,ובבי̇ת̇,Lexical,,,,,
,,5,אישה̇,ב̊̊ע̊̊לה̊̊,Lexical,Synonym,,,,
,,6,[ פן],לא̊̊,Unclassifiable,,,,,
,,7,תשטה̊,ת̊̊נ̊̊ש̊̊ה̇,Lexical,,,,,
,,8,בית,בבית,Morphological,Preposition,,,,
,,9,אביה,אביה,Same,,,,,
,,10,פן,פן֟,Same,,,,,
,,11,תזריע,ת̊̊ז̊̊נ̊̊ה,Lexical,,,,,
,,12,ובעל̇ה̊,ובבית,Lexical,,,,,
,,13,,אי̊̊ש̊̊ה̊̊,Plus_Minus,,,,,
,,14,[ פן,פ̊̊ן̊̊[,Unclassifiable,,,,,
,,15,תע]צ֯ר,תע]צ̊̊ר,Unclassifiable,,,,,
,11,1,[בני],ב̊̊נ̊̊י̊̊,Unclassifiable,,,,,
,,2,ע̊ל̊,ע̊̊ל,Same,,,,,
,,3,בת,[ ]◦,Unclassifiable,,,,,
,,4,,ל[ ]ך̊̊,Unclassifiable,,,,,
,,5,חזק̊,ח̊̊ז̇ק̇,Same,,,,,
,,6,משמר,מ̊̊ו̊̊ס̊̊ר,Lexical,,,,,
,,7,[פ]ן,פ̊̊[ן תעשה,Unclassifiable,,,,,
,,8,ת̇ע̊[שה,ל]ך̊̊,Unclassifiable,,,,,
,,9,,שם,Unclassifiable,,,,,
,,10,[,סר֟ה,Unclassifiable,,,,,
,11cd,11,דבת,דבת,Same,,,,,
,,12,עיר,עיר,Same,,,,,
,,13,וקהלת,וקה̊̊לת,Same,,,,,
,,14,עם,עם,Same,,,,,
,,15,],והושבת̇ך̇,Unclassifiable,,,,,
,,16,,ב̊̊ע̇דת,Unclassifiable,,,,,
,,17,שע]ר̊,שער,Unclassifiable,,,,,
,,18,מקום,מ̊̊קום,Same,,,,,
,,19,תגור,תגור,Same,,,,,
,,20,אל,אל,Same,,,,,
,,21,יה̊י,יהי,Same,,,,,
,,22,[,אשנב,Unclassifiable,,,,,
,,23,,ובית,Unclassifiable,,,,,
,,24,,מביט,Unclassifiable,,,,,
,,25,,מבוא,Unclassifiable,,,,,
,,26,סב]י̊ב,סביב,Unclassifiable,,,,,
,12,1,לכל,לכל,Same,,,,,
,,2,זכר,זכ֟ר,Same,,,,,
,,3,אל,אל,Same,,,,,
,,4,תבן,תתן,Lexical,,,,,
,,5,תאר,תאר,Same,,,,,
,,6,[,ובית,Unclassifiable,,,,,
,,7,,נשים,Unclassifiable,,,,,
,,8,,אל,Unclassifiable,,,,,
,,9,],תסתו֟יד,Unclassifiable,,,,,
,13,1,כי,כי,Same,,,,,
,,2,מבגד,מבגד,Same,,,,,
,,3,יצא,יצא,Same,,,,,
,,4,סס,עש,Lexical,Synonym,,,,
,,5,[ומא]ש̊ה,ומאשה,Unclassifiable,,,,,
,,6,רעת,רעת,Same,,,,,
,,7,א̊שה,אשה,Same,,,,,
,14,1,טוב,מטוב,Morphological,Preposition,,,,
,,2,רע,רוע,Morphological,Orthographical,,,,
,,3,איש,איש,Same,,,,,
,,4,מטוב,מטיב,Morphological,Orthographical,,,,
,,5,א̇שה,אשה,Same,,,,,
,,6,ובת,ובית,Morphological,Orthographical,,,,
,,7,מפחדת,מחרפת,Lexical,,,,,
,,8,מבול,תביע,Lexical,,,,,
,,9,חרפה,אשה,Lexical,,,,,
,15,1,אזכרה,אזכר,Morphological,Grammatical,,,,
,,2,נא,נא,Same,,,,,
,,3,מעשי,מעשי,Same,,,,,
,,4,אל,אל,Same,,,,,
,,5,ו̇זה,וזה,Same,,,,,
,,6,חזיתי,חזיתי,Same,,,,,
,,7,ואשננה,ואספרה,Morphological,Grammatical,,,,
,,8,באמר,באומר,Morphological,Orthographical,,,,
,,,באמר,באומר,Morphological,Grammatical,,,,
,,9,אדני,אלהים,Lexical,Synonym,,,,
,,10,מעשיו,רצ֟ו̊̊נו,Lexical,,,,,
,,11,ופעל,ופועל,Morphological,Grammatical,,,,
,,12,רצנו,רצונו,Same,,,,,
,,13,לקחו,לק֟חו,Same,,,,,
,16,1,שמש,שמש,Same,,,,,
,,2,זהרת,זור̇ח̇ת,Lexical,,,,,
,,3,על,על,Same,,,,,
,,4,כל,כל,Same,,,,,
,,5,נגלת[ה ],נגלתה,Unclassifiable,,,,,
,,6,[וכ]בוד,וכבוד,Unclassifiable,,,,,
,,7,אדני,ייי,Lexical,Synonym,,,,
,,8,מלא,על,Lexical,,,,,
,,9,,כל,Plus_Minus,,,,,
,,10,מעשיו,מעשיו,Same,,,,,
,17,1,לא,לא,Same,,,,,
,,2,השפיקו,הספיקו,Morphological,Phonetic_affinity,,,,
,,3,קדשי,קדושי,Morphological,Orthographical,,,,
,,4,אל,אל,Same,,,,,
,,5,לספר,לספר,Same,,,,,
,,6,כל,,Plus_Minus,,,,,
,,7,נפלאתיו,נפלאות,Morphological,Suffix Pron.,,,,
,,8,,יי֟י,Plus_Minus,,,,,
,,9,אמץ,אימ֟ץ,Morphological,Orthographical,,,,
,,10,אדני,אלהים,Lexical,Synonym,,,,
,,11,צ̇ב̊איו,צבאיו,Same,,,,,
,,12,להתחזק,להת֟חזק,Same,,,,,
,,13,לפני,לפני,Same,,,,,
,,14,כבודו,כבודו,Same,,,,,
,18,1,תהום,תהום,Same,,,,,
,,2,ולב,ולב,Same,,,,,
,,3,חקר,ח֔קר,Same,,,,,
,,4,,ובכל,Plus_Minus,,,,,
,,5,ובמערמיהם,מערומיהם,Morphological,Preposition,,,,
,,6,יתבונן,יתבונן,Same,,,,,
,,7,כי,>,Plus_Minus,,,,,
,,8,ידע,>,Plus_Minus,,,,,
,,9,עליו̇ן,>,Plus_Minus,,,,,
,,10,כל,>,Plus_Minus,,,,,
,,11,[],>,Unclassifiable,,,,,
,,12,[ו]מ̇ביט,>,Plus_Minus,,,,,
,,13,אתיות,>,Plus_Minus,,,,,
,,14,עולם,>,Plus_Minus,,,,,
,19,1,מ̇חוה,מ̇חוה,Same,,,,,
,,2,חליפות,חליפות,Same,,,,,
,,3,[נהיות],נ֟היות,Unclassifiable,,,,,
,,4,[ו]מגלה,ומגלה,Unclassifiable,,,,,
,,5,חקר,חקר,Same,,,,,
,,6,נסתרות,נסתרות,Same,,,,,
,20,1,לא,ל̇א̊̊,Same,,,,,
,,2,נעדר,נ̊̊ע̇דר,Same,,,,,
,,3,ממנו,ממנו,Same,,,,,
,,4,,כל,Plus_Minus,,,,,
,,5,שכל,שכל,Same,,,,,
,,6,ולא̊,ולא,Same,,,,,
,,7,עב[ר]ו,חלפ֟ו,Unclassifiable,,,,,
,,9,כל,כל,Same,,,,,
,,10,דבר,ד֟בר,Same,,,,,
,21,1,גבורת,גב̊̊[ור]ת̊̊,Unclassifiable,,,,,
,,2,חכמ̊[תו,ח̊̊כ̊̊מ̊̊תו,Unclassifiable,,,,,
,,3,],תכן,Unclassifiable,,,,,
,,4,אחד,אחד,Same,,,,,
,,5,ה̇[ו]א̊,הוא,Unclassifiable,,,,,
,,6,[מע]ולם,מע֟ולם,Unclassifiable,,,,,
,,7,לא,ל̇[א,Unclassifiable,,,,,
,,8,נאסף,נ]א̊̊ס̊̊ף,Unclassifiable,,,,,
,,9,[ול]א̊,לא,Unclassifiable,,,,,
,,10,נ̊[א]צ̊[ל],נאצל,Unclassifiable,,,,,
,,11,[ו]ל[א,ולא,Unclassifiable,,,,,
,,12,צרי]ך̊,צרי֟ך,Unclassifiable,,,,,
,,13,לכ̇ל,לכל,Same,,,,,
,,14,מבין,מבין,Same,,,,,
,22,1,הלוא,,Plus_Minus,,,,,
,,2,כל,,Plus_Minus,,,,,
,,3,מעשיו,,Plus_Minus,,,,,
,,4,נחמד[ים],,Plus_Minus,,,,,
,,5,עדני,,Plus_Minus,,,,,
,,6,ציץ,,Plus_Minus,,,,,
,,7,וחזות,,Plus_Minus,,,,,
,,,מראה,,Plus_Minus,,,,,
,23a/25a,1,הכל,הוא,Lexical,,,,,
,,2,חי,ח̊̊[י,Unclassifiable,,,,,
,,3,ועמ̇[ד],ו]ע̊̊מ֟̊̊ד̊̊,Unclassifiable,,,,,
,,4,לעד,לע̇ד̇,Same,,,,,
,,5,זה,זה֟,Same,,,,,
,,6,על,על,Same,,,,,
,,7,זה,זה֟,Same,,,,,
,,8,חלף,חלף֟,Same,,,,,
,,9,טובם,טובו,Morphological,Orthographical,,,,
,,10,ו]כל,לכל,Unclassifiable,,,,,
,,11,צרך,צרוך,Morphological,Orthographical,,,,
,,12,והכל,הכל,Morphological,Coordination,,,,
,,13,נשמר,נשמע,Lexical,,,,,
,25b/43:1a,1,[ו]מי,וימי,Unclassifiable,,,,,
,,2,ישבע,ישב̇[ע],Unclassifiable,,,,,
,,3,להביט,ל[ה]ב̊̊[י]ט̊̊,Unclassifiable,,,,,
,,4,הודם,ה̊̊ד̊̊ם,Morphological,Orthographical,,,,
,,5,תאר,ת̇ו̊̊א̊̊ר̊̊[,Unclassifiable,,,,,
,,6,מרום,,Unclassifiable,,,,,
,,7,ורקיע,,Unclassifiable,,,,,
,,8,,,Unclassifiable,,,,,
,,9,לטהר,]לט̊̊ו̊̊ה̊̊ר̊̊,Unclassifiable,,,,,
,43:1b/42:23b,1,עצם,ועצם,Morphological,Coordination,,,,
,,2,שמים,שמים̇,Same,,,,,
,,3,מ֯[בי]ע֯,מ̇רביט,Unclassifiable,,,,,
,,4,נ̊ה̇ו̇ר̇ו̇,הדרו,Lexical,,,,,
,,5,[ו]כל,ולכל,Unclassifiable,,,,,
,,6,צרך,צ̊̊ו̊̊ר̊̊ך,Morphological,Orthographical,,,,
,,7,והכל,הכ̊̊ל̊̊,Morphological,Coordination,,,,
,,8,נשמר,ישמע,Lexical,,,,,
,24,1,כלם,כלם,Same,,,,,
,,2,ש֯נ֯[ים,שונים,Unclassifiable,,,,,
,,3,[זה],זה,Unclassifiable,,,,,
,,4,לעמת,מזה,Lexical,,,,,
,,5,זה,,Plus_Minus,,,,,
,,6,ולא,ולא,Same,,,,,
,,7,עשה,עשה,Same,,,,,
,,8,מה̇ם,מהם,Same,,,,,
,,9,[שוא],שיב̇,Unclassifiable,,,,,
,2,1,שמש,שמש,Same,,,,,
,,2,מופיע,מביע֟,Lexical,,,,,
,,3,בצאתו,בצרתו,Lexical,,,,,
,,4,נכסה,חמה,Lexical,,,,,
,,5,כלי,מה,Lexical,,,,,
,,6,נורא,נורא,Same,,,,,
,,7,מעשה,מעשי,Morphological,Grammatical,,,,
,,8,[ע]ליון,ייי,Unclassifiable,,,,,
,3,1,בהצהירו,בהצהירו,Same,,,,,
,,2,יר̇[תי]ח,ירתיח,Unclassifiable,,,,,
,,3,תבל,תבל,Same,,,,,
,,4,ו̇לפני,לפני,Morphological,Coordination,,,,
,,5,חרב,חרבו,Morphological,Suffix Pron.,,,,
,,6,מי,מי,Same,,,,,
,,7,יתכ[ו]לל,יתכלכל,Unclassifiable,,,,,
,4,1,[כ]ור,כור,Unclassifiable,,,,,
,,2,נ̊פוח̇,נפוח,Same,,,,,
,,3,מע̇שי,מהם̇,Lexical,,,,,
,,4,מוצק,מצו֟ק,Same,,,,,
,,5,של[וח,שו֟לח,Unclassifiable,,,,,
,,6,ש]מ̇ש,שמש,Unclassifiable,,,,,
,,7,[י]ש̊י̊ק̊,ידלי֟ק,Unclassifiable,,,,,
,,8,,הרים,Plus_Minus,,,,,
,,9,לשון,לש֟און,Morphological,Orthographical,,,,
,,10,מאור,מאור,Same,,,,,
,,11,ת[ג]מיר,תג̇מר,Unclassifiable,,,,,
,,12,נושבת,נושבת,Same,,,,,
,,13,[,ומנורה,,,,,,
,,14,,תכוה,,,,,,
,,15,],עין,,,,,,
,5,1,כי,כי,Same,,,,,
,,2,גדול,ג֟דיל,Morphological,Orthographical,,,,
,,3,אדני,ייי֟,Lexical,Synonym,,,,
,,4,עשהו,עושהו,Morphological,Synonym,,,,
,,5,ודבר̊[,ודבריו,Unclassifiable,,,,,
,,6,,ינצ֟ח,,,,,,
,,7,[,אביריו,,,,,,
,6,1,וגם,וגם,Same,,,,,
,,2,י]ר̇ח,ירח,Unclassifiable,,,,,
,,3,יאריח,ירח,,,,,,
,,4,עתות,עתות֟,Same,,,,,
,,5,,שבות,Plus_Minus,,,,,
,,6,ממ̇[שלת,ממשלת,Unclassifiable,,,,,
,,7,],קץ,Unclassifiable,,,,,
,,8,,ואות,Unclassifiable,,,,,
,,9,[,עולם,Unclassifiable,,,,,
,7,1,לו,בם֟,Lexical,,,,,
,,2,מו̊[ ע]ד̇,מועד,Unclassifiable,,,,,
,,3,וממנו,וז֟מני,Lexical,,,,,
,,4,חג,חוק,Lexical,,,,,
,,5,[,וחפץ,Unclassifiable,,,,,
,,6,,ע̊̊ת̊̊ה,Unclassifiable,,,,,
,,7,],בתקופתו,Unclassifiable,,,,,
,8,1,ח̊ד̇ש,חדש,Same,,,,,
,,2,כשמו,בחד֟שו,Lexical,,,,,
,,3,הוא,ה֟וא,Same,,,,,
,,4,מת̇[חדש ],מתחדש,Unclassifiable,,,,,
,,5,[,מה,Unclassifiable,,,,,
,,6,,נורא,Unclassifiable,,,,,
,,7,],בהשתנותו,Unclassifiable,,,,,
,,8,כלי,כלי,Same,,,,,
,,9,צבא,צבא,Same,,,,,
,,10,נבלי,נבלי,Same,,,,,
,,11,מרום,מרום,Same,,,,,
,,12,מרצ̊ף̊,מרצ֟ף,Same,,,,,
,,13,[,רקיע,Unclassifiable,,,,,
,,14,],מזהירתו,Unclassifiable,,,,,
,9,1,תור,תואר,Morphological,Orthographical,,,,
,,2,שמים,שמים,Same,,,,,
,,3,והוד,והדר,Lexical,Synonym,,,,
,,4,כוכב,כוכב,Same,,,,,
,,5,עדי,ואורו֟,Lexical,,,,,
,,6,משריק,מזהיר,Lexical,Synonym,,,,
,,7,במרמ̇[י,במרומי,Unclassifiable,,,,,
,,8,אל],אל,Unclassifiable,,,,,
,10,1,בדבר,בדבר,Same,,,,,
,,2,אדני,אל,Lexical,Synonym,,,,
,,3,יעמד,יעמד,Same,,,,,
,,4,חק,חק,Same,,,,,
,,5,ולא̇,ולא,Same,,,,,
,,6,ישח,יש֟ח,Same,,,,,
,,7,באשמרתם,באשמרותם̇,Morphological,Orthographical,,,,
,11,1,ראה,ראה,Same,,,,,
,,2,קשת,קשת,Same,,,,,
,,3,וברך,וברך,Same,,,,,
,,4,עשיה,עוש֟יה,Morphological,Orthographical,,,,
,,5,כי,כי,Same,,,,,
,,6,מא̊ד,מאד,Same,,,,,
,,7,נהדר,נא֟דרה,Lexical,,,,,
,,8,נ̊ה̊ר̇ת̊ו̊,ב̊̊כ̊̊ב̇וד,Lexical,,,,,
,12,1, חוג̇,חוק֟,Lexical,,,,,
,,2,[],הקיפה,Unclassifiable,,,,,
,,3,בכבודה,בכבודה,Same,,,,,
,,4,[ו]יד,ויד,Unclassifiable,,,,,
,,5,אל,א֟ל,Same,,,,,
,,6,נטתה,נטתה,Same,,,,,
,,7,בגבו̊[רה],בגב̊̊ו̊̊ר̊̊ה̊̊,Unclassifiable,,,,,
,13,1,גערתו,גבורתו,Lexical,,,,,
,,2,ת[תו]ה̊,תתוה,Unclassifiable,,,,,
,,3,ברד,ברק,Lexical,,,,,
,,4,ותנצח,ותנצח֟,Same,,,,,
,,5,זיקות,זיקות,Same,,,,,
,,6,משפט,ב̇מ̇ש̊̊[פט],Unclassifiable,,,,,
,14,1,למענו,למ֟ען,Morphological,Suffix Pron.,,,,
,,2,פרע,ברא,Lexical,,,,,
,,3,אוצר,אוצר̊̊,Same,,,,,
,,4,ויעף,ויעף,Same,,,,,
,,5,עבים,עב̊̊י̊̊ם̇,Same,,,,,
,,6,כעיט,כ̊̊ע̊̊י̊̊ט̊̊,Same,,,,,
,17,1,קול,קול,Same,,,,,
,,2,רעמו,ר̊̊ע̇מ̊̊ו̇,Same,,,,,
,,3,יחיל,יחו̇ל,Morphological,Orthographical,,,,
,,4,ארצו,ארצו,Same,,,,,
,,5,עלעול,ז̇לעפות,Lexical,Synonym,,,,
,,6,>,צ̊̊פ̊̊ו̊̊ן,Plus_Minus,,,,,
,,7,סופה,סופה,Same,,,,,
,,8,וסערה,וסערה,Same,,,,,
,,9,כרשף,ב̊̊ר֟שף,Morphological,Preposition,,,,
,,10,יפרח,יניף,Lexical,,,,,
,,11,שלגו,שלגו,Same,,,,,
,,12,וכארבה,וכארבה,Same,,,,,
,,13,ישכן,ישכון,Same,,,,,
,,14,רדתו,ד֟רתו,Same,,,,,
,16,1,ובכחו,,Plus_Minus,,,,,
,,2,יניף,,Plus_Minus,,,,,
,,3,הרים,,Plus_Minus,,,,,
,,4,אמר֯ת֯ו֯,,Plus_Minus,,,,,
,,5,תחריף,,Plus_Minus,,,,,
,,6,תימן,,Plus_Minus,,,,,
,18,1,תור,תואר,Morphological,Orthographical,,,,
,,2,לבנו,לבנה̇,Morphological,Suffix Pron.,,,,
,,3,יהג,יג֟הה,Lexical,,,,,
,,4,עינים,עינים,Same,,,,,
,,5,וממטרו,וממטרו,Same,,,,,
,,6,יתמיה,יהמה,Lexical,,,,,
,,7,לבב,לבב,Same,,,,,
,19,1,[וגם],וגם,Unclassifiable,,,,,
,,2,כ̊פ̊ו̊ר,כפור,Same,,,,,
,,3,כמלח,כמלח,Same,,,,,
,,4,ישפך,י̇ש֟כון,Lexical,,,,,
,,5,ויצמח,ויציץ,Lexical,,,,,
,,6,כסנה,כספיר,Lexical,,,,,
,,7,צצים,ציצים,Morphological,Orthographical,,,,
,20,1,[צנת,צינת,Unclassifiable,,,,,
,,2,רו]ח̊,רוח,Unclassifiable,,,,,
,,3,צ̊פ̇ו̇ן,צפון,Same,,,,,
,,4,ישיב,ישיב,Same,,,,,
,,5,וכרגב,וכרקב,Lexical,,,,,
,,6,יקפיא,יקפיא,Same,,,,,
,,7,מקור,מקו֟רו,Morphological,Suffix Pron.,,,,
,,8,[על,על,Unclassifiable,,,,,
,,9,כל,כל,Unclassifiable,,,,,
,,10,מע]מד,מעמד,Unclassifiable,,,,,
,,11,מ̊ימ,מים,Same,,,,,
,,12,יקר̇[ים],יקרים,Unclassifiable,,,,,
,,13,[,וכשרין,Unclassifiable,,,,,
,,14,,ילבש,Unclassifiable,,,,,
,,15,],מקוה,Unclassifiable,,,,,
,21,1,[יבול,יבול,Unclassifiable,,,,,
,,2,הרי]ם,הרים,Unclassifiable,,,,,
,,3,ח֯ר֯ב,כחרב,Unclassifiable,,,,,
,,4,י̇ש̇[יק,ישיק,Unclassifiable,,,,,
,,5,[,ונו֟ה,Unclassifiable,,,,,
,,6,,צמחים,Unclassifiable,,,,,
,,7,],כלהבה,Unclassifiable,,,,,
,23,1,[,מחש֟בתו,Unclassifiable,,,,,
,,2,,ת̇שיק,Unclassifiable,,,,,
,,3,,ר̊̊בה,Unclassifiable,,,,,
,,4,,ויט,Unclassifiable,,,,,
,,5,],בתהום,Unclassifiable,,,,,
,,6,א̇יים,אי֟ים,Unclassifiable,,,,,
,24,1,[,יורדי,Unclassifiable,,,,,
,,2,,הים,Unclassifiable,,,,,
,,3,,יספרו,Unclassifiable,,,,,
,,4,],קצהו,Unclassifiable,,,,,
,,5,ל̇שמע,לשמע,Unclassifiable,,,,,
,,6,אזנינו,אזננו,Unclassifiable,,,,,
,,7,נשמתם,נשתומם,Unclassifiable,,,,,
,25,1,[,שם,Unclassifiable,,,,,
,,2,,פלאות,Unclassifiable,,,,,
,,3,,תמהי,Unclassifiable,,,,,
,,4,],מעש֟הו,Unclassifiable,,,,,
,,5,מ̊י̊ן,מין,Unclassifiable,,,,,
,,6,כ̊[ל,כל,Unclassifiable,,,,,
,,7,חי,חי,Unclassifiable,,,,,
,,8,ו]ג֯ב֯ו֯רת,וגבורות,Unclassifiable,,,,,
,,9,רה̇ב,רבה,Unclassifiable,,,,,
,30,1,], מ̇ג̊̊[ד],Unclassifiable,,,,,
,,2,,לי̊̊,Unclassifiable,,,,,
,,3,,י̊̊י̊̊י̊̊,Unclassifiable,,,,,
,,4,,ה̊̊רימו,Unclassifiable,,,,,
,,5,,קול,Unclassifiable,,,,,
,,6,,בכל,Unclassifiable,,,,,
,,7,,תוכלו,Unclassifiable,,,,,
,,8,,כי,Unclassifiable,,,,,
,,9,]ש,יש,Unclassifiable,,,,,
,,10,אל,עוד,Unclassifiable,,,,,
,,11,],מרומים,Unclassifiable,,,,,
,,12,,תחליפו,Unclassifiable,,,,,
,,13,,כח,Unclassifiable,,,,,
,,14,,ואל,Unclassifiable,,,,,
,,15,,תלאו,Unclassifiable,,,,,
,,16,,כי,Unclassifiable,,,,,
,,17,,לא,Unclassifiable,,,,,
,,18,[,ת,Unclassifiable,,,,,
44,1,1,[אהללה,אהללה,Unclassifiable,,,,,
,,2,נ]א̊,נא,Unclassifiable,,,,,
,,3,אנ̊[שי],אנשי,Unclassifiable,,,,,
,,4,חסד,חסד,Same,,,,,
,,5,את,,Plus_Minus,,,,,
,,6, אב[ותינו,אבותינו,Unclassifiable,,,,,
,,7,[,בדורותם,Unclassifiable,,,,,
,2,1,רב,רב,Same,,,,,
,,2,כבוד,כבוד,Same,,,,,
,,3,חלק,חלק֟,Same,,,,,
,,4,עליון,עליון,Same,,,,,
,,5,וגדלה,וגדלו,Morphological,Suffix Pron.,,,,
,,6,מי[מות,מימות,Unclassifiable,,,,,
,,7,עולם],עולם,Unclassifiable,,,,,
,3,1,>,דור֟י,Plus_Minus,,,,,
,,2,>,ארץ,Plus_Minus,,,,,
,,3,>,במלכותם,Plus_Minus,,,,,
,,4,>,ואנשי,Plus_Minus,,,,,
,,5,>,שם,Plus_Minus,,,,,
,,6,>,בגבור֟תם,Plus_Minus,,,,,
,,7,ויעצים,הי֟ועצים,Morphological,Determination,Orthographical,,,
,,8,בתבונתם,בתבונתם,Same,,,,,
,,9,>,ב̊̊ע̊̊ו̇לם,Plus_Minus,,,,,
,,10,וחזי,וחוזי,Morphological,Orthographical,,,,
,,11,כל,כל,Same,,,,,
,,12,בנבו̇[אתם],בנבואתם,Unclassifiable,,,,,
,4,1,שרי,שרי,Same,,,,,
,,2,גוי,גוים,Morphological,Orthographical,,,,
,,3,ב̊מ̇זמת̊ם̇,במזמתם,Same,,,,,
,,4,ורזנים,ורוזנים,Morphological,Orthographical,,,,
,,5,במחקק[תם,במחקרותם,Unclassifiable,,,,,
,,6,חכמי,חכ̇מי,Same,,,,,
,,7,שיח,שיח,Same,,,,,
,,8,בספרתם,בס֟פרתם,Same,,,,,
,,9,ומשלים,ומושלים,Same,,,,,
,,10,במ̇[שמרותם],במשמרותם,Unclassifiable,,,,,
,5,1,חקרי,חוקרי,Morphological,Orthographical,,,,
,,2,מזמור,מזמור,Same,,,,,
,,3,על,על,Same,,,,,
,,4,קו,חו֟ק,Lexical,,,,,
,,5,ונשאי,נושאי,Morphological,Coordination,,,,
,,6,משל̊,משל,Same,,,,,
,,7,[בכתב],ב̇כתב,Unclassifiable,,,,,
,6,1,אנשי,אנשי,Same,,,,,
,,2,חיל,חיל,Same,,,,,
,,3,וסמכי,וסומכי,Morphological,Orthographical,,,,
,,4,כח,כח,Same,,,,,
,,5,ושקט֯[ים,ושוקטים,Unclassifiable,,,,,
,,6,,על,Unclassifiable,,,,,
,,7,[,מכונתם,Unclassifiable,,,,,
,7,1,כל,כל,Same,,,,,
,,2,אלה,אלה,Same,,,,,
,,3,בדרם,בדורם֟,Morphological,Orthographical,,,,
,,4,נכבדו,,Plus_Minus,,,,,
,,5,מ]ן,ומימ֟יהם,Unclassifiable,,,,,
,,6,[ימיהם,,Unclassifiable,,,,,
,,7,תפארתם],תפארתם,Unclassifiable,,,,,
,9,1,ויש,ויש,Same,,,,,
,,2,מהם,מהם,Same,,,,,
,,3,,אשר,Plus_Minus,,,,,
,,4,שאין,אין,Morphological,,,,,
,,5,לו,לו,Same,,,,,
,,6,זכר,זכר,Same,,,,,
,,7,[,וישבתו,Unclassifiable,,,,,
,,8,,כאשר,Unclassifiable,,,,,
,,9,],שבת̇ו,Unclassifiable,,,,,
,,10,כאשר,כאשר,Same,,,,,
,,11,לא,לא,Same,,,,,
,,12,היו,היו,Same,,,,,
,,13,היו,היו,Same,,,,,
,,14,ו[,ובניהם,Unclassifiable,,,,,
,,15,[,מאחריהם,Unclassifiable,,,,,
,10,1,אולם,ואולם,Morphological,Coordination,,,,
,,2,אלה,אלה,Same,,,,,
,,3,אנשי,אנשי,Same,,,,,
,,4,חסד,חסד,Same,,,,,
,,5,וצ[דקתם,ותקותם,Unclassifiable,,,,,
,,6,[,לא̊̊,Unclassifiable,,,,,
,,7,],ת̊̊כ̊̊[ר]ת,Unclassifiable,,,,,
,11,1,אם,עם,Lexical,Phonetic_affinity,,,,
,,2,זרעם,זרעם,Same,,,,,
,,3,נאמן,נאמן,Same,,,,,
,,4,טובם,טובם,Same,,,,,
,,5,ונחל̊[תם,ונחלתם,Unclassifiable,,,,,
,,6,[,לב̊̊נ̊̊[י],Unclassifiable,,,,,
,,7,],ב̊̊[ניה]ם̊̊,Unclassifiable,,,,,
,12,1,בבריתם,>,Plus_Minus,,,,,
,,2,עמד,>,Plus_Minus,,,,,
,,3,זרעם,>,Plus_Minus,,,,,
,,4,וצאצאיהם,>,Plus_Minus,,,,,
,,5,],>,Unclassifiable,,,,,
,,6,[,>,Unclassifiable,,,,,
,13,1,ע̊ד̇,עד,Same,,,,,
,,2,עולם,עולם,Same,,,,,
,,3,יעמד,יעמד,Same,,,,,
,,4,זרעם,זכרם,Lexical,,,,,
,,5,וכבודם,וצדקתם,Lexical,,,,,
,,6,לא,לא̊̊,Same,,,,,
,,7,ימח̊[ה],[תמח]ה̊̊,Unclassifiable,,,,,
,14,1, ג̊וי̊[ת]ם,[גו]י̊̊ת̊̊ם̊̊,Unclassifiable,,,,,
,,2,בשלום,ב̊̊ש̊̊לו̊̊ם̊̊,Same,,,,,
,,3,נאספה,נ̊̊א̊̊ס̊̊[פה],Unclassifiable,,,,,
,,4,[ו]שמם,[ו]ש̊̊מ̊̊ם̊̊,Unclassifiable,,,,,
,,5,חי,ח̊̊[י],Unclassifiable,,,,,
,,6,לדוד,ל[דור],Unclassifiable,,,,,
,,7,ודר,ודור,Morphological,Coordination,Orthographical,,,
,15,1,[],>,Unclassifiable,,,,,
,,2,ת]ש֯ן̇,>,Unclassifiable,,,,,
,,3,עדה,>,Plus_Minus,,,,,
,,4,ותהלתם,>,Plus_Minus,,,,,
,,5,יספר,>,Plus_Minus,,,,,
,,6,קהל,>,Plus_Minus,,,,,
,16,1,>,חנוך,Plus_Minus,,,,,
,,2,>,נמ̊̊צ̊̊א,Plus_Minus,,,,,
,,3,>,תמים,Plus_Minus,,,,,
,,4,>,והתהלך,Plus_Minus,,,,,
,,5,>,עם,Plus_Minus,,,,,
,,6,>,ייי,Plus_Minus,,,,,
,,7,>,ו̇[נ]ל̇קח,Plus_Minus,,,,,
,,8,>,אות,Plus_Minus,,,,,
,,9,>,דעת,Plus_Minus,,,,,
,,10,>,לדור,Plus_Minus,,,,,
,,11,>,ודור,Plus_Minus,,,,,
,17,1,נוח,[נ]ח̊̊,Unclassifiable,,,,,
,,2,צדיק̇,צדיק,Same,,,,,
,,3,נ̊מצא,נמצא,Same,,,,,
,,4,תמים,תמים,Same,,,,,
,,5,ב[עת,ל֟עת,Unclassifiable,,,,,
,,6,כ]ל[ה,כלה,Unclassifiable,,,,,
,,7,[,היה,Unclassifiable,,,,,
,,8,],תחליף,Unclassifiable,,,,,
,,9,ב̊ע̊[בורו,בעבורו,Unclassifiable,,,,,
,,10,[,היה,Unclassifiable,,,,,
,,11,,שארית,Unclassifiable,,,,,
,,12,,ובבריתו,Unclassifiable,,,,,
,,13,,חדל,Unclassifiable,,,,,
,,14,],מבול,Unclassifiable,,,,,