Chapter,Verse,Word,MS_M,MS_Bmg,Categories,Subcategories_1,Subcategories_2,Category_names,Subcategory_names,Comments
39,27,,לזרה,לזרא,,,,Lexical,Synonym,
40,13,1,חיל,חיל,Same,,,,,
,,3,מעול֗,מחיל,Lexical,,,,,
,,4,],,,,,Inversion,Metathesis,
,,5,,,,,,,,
,,6,,,,,,Unclassifiable,Letter interchange,
,,7,,,,,,,Masc/Fem,
,,8,,,,,,Plus_Minus,Phonetic_affinity,
,,9,]ת,,,,,Same,Grammatical,
,14,1,,,,,,Unclassifiable,Orthographical,
,,2,עם,עם,Same,,,,,
,,3,שאתו,שאתו,Same,,,,Preposition,
,,4,כפ̇י̇[ ם,,,,,,,
,,5,[,,,,,,,
,,6,,,,,,,,
,,7,,,,,,,,
,,8,,,,,,,,
,,9,]ת,,,,,,,
,15,1,נצר,נצר,Same,,,,,
,,2,חמס,חמס,Same,,,,,
,,3,לא,לא,Same,,,,,
,,4,יכה,יכה,Same,,,,,
,,5,בו,בו,Same,,,,,
,,6,[,,,,,,,
,,7,,,,,,,,
,,8,,,,,,,,
,,9,],,,,,,,
,,10,ש֯ן,שן,Same,,,,,
,,11,צר,צור,Morphological,Orthographical,,,,
,16,1,כקרמית,,,,,,,
,,2,על,,,,,,,
,,3,גפות,,,,,,,
,,4,נחל̇,,,,,,,
,,5,[לפני,,,,,,,
,,6,כ]ל̊,,,,,,,
,,7,חצ̇י̊ר̊,,,,,,,
,,8,נדעך,נדעכה,Morphological,Suffix Pron.,,,,
,17,1,חסד,,,,,,,
,,2,כעד̇,,,,,,,
,,3,לא,,,,,,,
,,4,תכרת,,,,,,,
,,5,ו̇צ̇ד̇קה,,,,,,,
,,6,לע̇ד̇,,,,,,,
,,7,ת̊כ̇ן,,,,,,,
,18,1,חיי,,,,,,,
,,2,יתר,יותר,Morphological,Orthographical,,,,
,,3,ש̊כר,שכל,Lexical,,,,,
,,4,ימתקו,,,,,,,
,,5,ומ̇ש̇ניהם,,,,,,,
,,6,מ֗צ֯א֯,,,,,,,
,,7,[],,,,,,,
,19,1,ילד,,,,,,,
,,2,ו[עיר,,,,,,,
,,3,יעמ]ידו,,,,,,,
,,4,שם,,,,,,,
,,5,ומשניהם,,,,,,,
,,6,מ̊ו̊צ̊[,,,,,,,
,,7,,,,,,,,
,,8,,,,,,,,
,,9,,,,,,,,
,,10,]ו̇,,,,,,,
,,11,שאר,,,,,,,
,,12,ו̇מ̊ש̇נ̊י̊[הם,,,,,,,
,,13,אשה,,,,,,,
,,14,נ]ח̊שקת,,,,,,,
,26,1,,כל,,,,,,
,,2,,ימי,,,,,,
,,3,,עני,,,,,,
,,4,,רעים,,,,,,
,,5,[ומ]ש̇נ̊י̊ה̇ם̇,בן,,,,,,
,,6,,סירא,,,,,,
,,7,,אומ,,,,,,
,,8,,א̇ף̇,,,,,,
,,9,,ב̇ל̇י̇ל̇א̇,,,,,,
,,10,,בשפל,,,,,,
,,11,,גגים,,,,,,
,,12,,גגו,,,,,,
,,13,,במרום,,,,,,
,,14,,הרים,,,,,,
,,15,,כרמו,,,,,,
,,16,,ממטר,,,,,,
,,17,,גגים,,,,,,
,,18,,לגגו,,,,,,
,,19,,מעפר,,,,,,
,,20,,כרמו,,,,,,
,,21,,לכרמים,,,,,,
,,22,,מי,,,,,,
,,23,,מאניד,,,,,,
,,24,,כו,,,,,,
,,25,,אין,,,,,,
,,26,,פו,,,,,,
,,27,,בינוסכתי,,,,,,
,,28,,אצל,,,,,,
,,29,,בוד,,,,,,
,,30,,אילא,,,,,,
,,31,,פא,,,,,,
,,32,,קול,,,,,,
,,33,,מ̇י̇,,,,,,
,,34,,גופ̇ת֯,,,,,,
,27,1,[,,,,,,,
,,2,,,,,,,,
,,3,,,,,,,,
,,4,],,,,,,,
,,5,ועל,כ֯י֯,Lexical,,,,,
,,6,כל,,Plus_Minus,,,,,
,,7,כ̊ב̊[ו]ד̊,,,,,,,
,,8,חפתה,,,,,,,
,28,1,[,בני,,,,,,
,,2,,,,,,,,
,,3,,,,,,,,
,,4,,,,,,,,
,,5,],,,,,,,
,,6,טוב,,,,,,,
,,7,[נא]ש̇ף,,,,,,,
,,8,◦ממחצף,,,,,,,
,29,1,[,,,,,,,
,,2,,,,,,,,
,,3,,,,,,,,
,,4,,,,,,,,
,,5,],,,,,,,
,,6,[אין,,,,,,,
,,7,חייו,,,,,,,
,,8,ל]מ̊נ̇ות,,,,,,,
,,9,חיים,,,,,,,
,,10,[,,,,,,,
,,11,],,,,,,,
,,12,מ̊ט̊[עמו],,,,,,,
,,13,[לאי]ש,,,,,,,
,,14,י̇ודע̊,,Lexical,,,,,
,,15,יסור,יסור,Same,,,,,
,,,יסור,,Lexical,,,,,
,,16,מעים,מזעים,Lexical,,,,,
,,,מעים,,Lexical,,,,,
,30,1,בפי,,,,,,,
,,2,עז,עז,Same,,,,,
,,3,[נ]פ֯ש,נפשות,Unclassifiable,,,,,
,,4,ת[מתיק,ממתיק,Unclassifiable,,,,,
,,5,שאלה],,,,,,,
,,6,[בקרב]ו,,,,,,,
,,7,כאש,כאש,Same,,,,,
,,8,תבער,בוערת,Morphological,Grammatical,,,,
,,9,,,,,,,,
41,1,1,הו̇[י],הוי,,,,,,
,,2,ל̇[מות,,,,,,,
,,3,מה,,,,,,,
,,4,מר,,,,,,,
,,5,ז ]כ֯ר֯ך֗,,,,,,,
,,6,ל̇איש,,,,,,,
,,7,שקט,,,,,,,
,,8,על,,,,,,,
,,9,מכונתו,,,,,,,
,,10,,,,,,,,
,,11,שלו,,,,,,,
,,12,ומצ̊ל̊י̊ח̊,,,,,,,
,,13,בכל,,,,,,,
,,14,עוד,,,,,,,
,,15,בו,,,,,,,
,,16,כח,,,,,,,
,,17,לקבל,,,,,,,
,,18,תענוג,,,,,,,
,2,1,הע,,,,,,,
,,2,למות,,,,,,,
,,3,מה,,,,,,,
,,4,טוב,,,,,,,
,,5,ח̊[קך],,,,,,,
,,6,ל]אין,,,,,,,
,,7,אוינים,,,,,,,
,,8,וחסר,,,,,,,
,,9,עצבה,,,,,,,
,,10,איש,,,,,,,
,,11,כשל,כושל,Morphological,Orthographical,,,,
,,,כשל,,Lexical,,,,,
,,12,{מ֯של֯},,Morphological,Orthographical,,,,
,,13,ונוקש,ונוקש,Same,,,,,
,,,ונוקש,,Same,,,,,
,,14,בכ̊[ל ],,,,,,,
,,15,אפס,אפס,Same,,,,,
,,,אפס,,Same,,,,,
,,16,המרה,המראה,Morphological,Orthographical,,,,
,,,המרה,,Morphological,Orthographical,,,,
,,17,ואבוד,ואבד,Morphological,Orthographical,,,,
,,18,תקוה,תקוה,Same,,,,,
,,,תקוה,,Same,,,,,
,3,1,אל,,,,,,,
,,2,תפחד,,,,,,,
,,3,ממות,,,,,,,
,,4,ח֯קך,,,,,,,
,,5,זכר,,,,,,,
,,6,,,,,,,,
,,7,קדמון,,,,,,,
,,8,ואחרון,,,,,,,
,,9,עמך,,,,,,,
,4,1,זה,,,,,,,
,,2,קץ,,,,,,,
,,3,כל,,,,,,,
,,4,[בני,,,,,,,
,,5,אד]ם̊,,,,,,,
,,6,[ומה,,,,,,,
,,7,תמאס,,,,,,,
,,8,ב]ת̊ו̊[רת],,,,,,,
,,9,עליו[ן],,,,,,,
,,10,לעשר,,,,,,,
,,11,מאה,,,,,,,
,,12,וא֗ל֯ף,,,,,,,
,,13,שנים,,,,,,,
,,14,[,,,,,,,
,,15,,,,,,,,
,,16,,,,,,,,
,,17,],,,,,,,
,5,1,,כי ,,,,,,
,,2,נין,,,,,,,
,,3,נמאס,נמאס,Same,,,,,
,,,,,Same,,,,,
,,4,ת[ל]דות,,Unclassifiable,,,,,
,,5,רעים,,Lexical,Metathesis,,,,
,,6,],,Unclassifiable,,,,,
,,7,,,,,,,,
,,8,,,,,,,,
,,9,,,,,,,,
,,10,ר]ש̊ע,,,,,,,
,6,1,[מבן,מבין,,,,,,
,,2,עו]ל֯,ערל,,,,,,
,,3,ת̊א̊ב̊ד̊,,,,,,,
,,4,ממ[שלת,,,,,,,
,,5,,,,,,,,
,,6,עם,,,,,,,
,,7,זרעו],,,,,,,
,,8,ת̇מ̇י̊[ד ],,,,,,,
,,9,חרפה,,,,,,,
,7,1,א[ב,,,,,,,
,,2,רשע],,,,,,,
,,3,י֗ק֗ב,,,,,,,
,,4,יל[ ד ],,,,,,,
,,5,[כי,,,,,,,
,,6,ב]ג̊ללו,,,,,,,
,,7,היו,,,,,,,
,,8,בוז,,,,,,,
,8,1,ה֯[וי,,,,,,,
,,2,א̊נ̊ש̊י̊,,,,,,,
,,3,]◦◦,,,,,,,
,,4,[,,,,,,,
,,5,ע̇זבי,,,,,,,
,,6,תורת,,,,,,,
,,7,עליון,,,,,,,
,,8,,,,,,,,
,,9,,,,,,,,
,9,1,],,,,,,,
,,2,]ל̇,,,,,,,
,,3,]◦,,,,,,,
,,4,,,,,,,,
,,5,[,,,,,,,
,,6,ואם,,,,,,,
,,7,תולידו,מולידו,Morphological,Grammatical,,,,
,,8,>,אסון,,,,,,
,,9,>,יד,,,,,,
,,10,>,על,,,,,,
,,11,>,תפרו,,,,,,
,,12,>,אם,,,,,,
,,13,>,ואם,,,,,,
,,14,>,מולידו,,,,,,
,,15,>,לאהחה,,,,,,
,,16,לאנחה,,,,,,,
,,17,[אם,,,,,,,
,,18,תכש]ל̇ו,,,,,,,
,,19,[ל]ש̊מחת,,,,,,,
,,20,ע̇ם,,,,,,,
,,21,ואם,,,,,,,
,,22,תמותו,,,,,,,
,,23,לקללה,לקללתה,Morphological,Grammatical,,,,
,10,1,[כל,,,,,,,
,,2,מ]אפס,מאונם,,,,,,
,,3,אל,א',Same,,,,,
,,4,אפס,אונם,Lexical,,,,,
,,5,ישוב,,,,,,,
,,6,כן,בן,Lexical,,,,,
,,7,חנף,,,,,,,
,,8,מתהו,,,,,,,
,,9,אל,,,,,,,
,,10,תהו,,,,,,,
,11,1,ה̇ב̊[ל,,,,,,,
,,2,אד]ם̊,,,,,,,
,,3,◦◦,,,,,,,
,,4,[אך],,,,,,,
,,5,]שם,,,,,,,
,,6,ח̇ס̊ד̊,,,,,,,
,,7,ללא,,,,,,,
,,8,יכ̊ר̇ת,,,,,,,
,12,1,פ̊חד,,,,,,,
,,2,ע̇ל,,,,,,,
,,3,שם,,,,,,,
,,4,כי,,,,,,,
,,5,הוא,,,,,,,
,,6,ילוך,,,,,,,
,,7,מ̇א̊לפי,,,,,,,
,,8,ש̊י̊מ̊ת̊,סומות,Lexical,Phonetic_affinity,,,,
,,9,ח̊מ̊ד̇ה̊,חמדה,Same,,,,,
,13,1,[ט]ו̊בת,טוב,Unclassifiable,,,,,
,,2,חי,חי,Same,,,,,
,,3,מספר,מספר,Same,,,,,
,,4,ימים,ימים,Same,,,,,
,,5,וטוב̇ת̊,וטוב,Morphological,Grammatical,,,,
,,6,ש̊ם̊,,,,,,,
,,7,י̊מ̊י̊,,,,,,,
,,8,אין,,,,,,,
,,9,מ̇ספר,,,,,,,
,14a/16a,1,מוסר,,,,,,,
,,2,בשת,,,,,,,
,,3,שמעו,,,,,,,
,,4,בנים,,,,,,,
,,5,[וה]כ̊למ̊ו̇,,,,,,,
,,6,על,,,,,,,
,,7,משפטי,משפטו,Morphological,Suffix Pron.,,,,
,17,1,בוש,,,,,,,
,,2,מאב,,,,,,,
,,3,ואם,,,,,,,
,,4,על,על,Same,,,,,
,,5,פחז,פחז,Same,,,,,
,,6,מנשיא,,,,,,,
,,7,ושר,,,,,,,
,,8,על,,,,,,,
,,9,כ̇ח̊ש̇,,,,,,,
,18,1,מאדון,,,,,,,
,,2,וגבר̇[ת],,,,,,,
,,3,על,,,,,,,
,,4,קשר,,,,,,,
,,5,מעדם,,,,,,,
,,6,ועם,,,,,,,
,,7,[ע]ל,,,,,,,
,,8,[פ]ש̇ע,,,,,,,
,18c/19a,1,משותף,משותף,Same,,,,,
,,2,ורע,,,,,,,
,,3,על,,,,,,,
,,4,מעל,,,,,,,
,,5,ממקום,,,,,,,
,,6,תגור,ונגיר,Morphological,Grammatical,,,,
,,7,ע̇ל̇,על,Same,,,,,
,,8,יד,יד,Same,,,,,
,19bc,1,מהפר,,,,,,,
,,2,אלה,,,,,,,
,,3,וברית,,,,,,,
,,4,וממטה,,,,,,,
,,5,אציל,,,,,,,
,,6,על,,,,,,,
,,7,לחם,,,,,,,
,19d/21a,1,ממנ̊[ע ],,,,,,,
,,2,מתת,,,,,,,
,,3,שאלה,,,,,,,
,,4,,מי,,,,,,
,,5,ומהשיב,השע,,,,,,
,,6,את,,,,,,,
,,7,פני,פי,,,,,,
,,8,שארך,,,,,,,
,21b/20a,1,מחש{א}ות,,,,,,,
,,2,מחלקת,,,,,,,
,,3,מנה,,,,,,,
,,4,ומשאל,משואל,,,,,,
,,5,שלום,,,,,,,
,,6,החריש,,,,,,,
,21c/20b or 22ab,1,מהביט,,,,,,,
,,2,א[],,,,,,,
,,3,,,,,,,,
,,4,ו֗מהתבונן or ומהתקומם,,,,,,,
,,5,אל or על,,,,,,,
,,6,ז]רה or יצעיה,ז]רה,,,,,,
,22cd,1,מאהב,,,,,,,
,,2,על,,,,,,,
,,3,דברי,דבִר,,,,,,
,,4,חסד,חסד,,,,,,
,,5,ומאחר,,,,,,,
,,6,מתת,שא֗לה֗,,,,,,
,,7,,,,,,,,
,,8,חרף,,,,,,,
,1,1,משנות,,,,,,,
,,2,דב̊ר,,,,,,,
,,3,תשמע,,,,,,,
,,4,ומחשף,,,,,,,
,,5,כל,על,,,,,,
,,6,דבר,סוד,,,,,,
,,7,עצה,,,,,,,
,,8,ו̊ה̊[י]ית,,,,,,,
,,9,בויש,,,,,,,
,,10,באמת,,,,,,,
,,11,ומצא,,,,,,,
,,12,חן,,,,,,,
,,13,בעיני,,,,,,,
,,14,כל,,,,,,,
,,15,חי,,,,,,,
,,16,[אך],,,,,,,
,,17,על,אל,,,,,,
,,18,אלה,,,,,,,
,,19,אל,,,,,,,
,,20,תבוש,,,,,,,
,,21,ואל,,,,,,,
,,22,תשא,,,,,,,
,,23,פנים,,,,,,,
,,24,וחטא,,,,,,,
,2,1,על,אל,,,,,,
,,2,תור,,,,,,,
,,3,עליון,,,,,,,
,,4,וחק,,,,,,,
,,5,ועל,,,,,,,
,,6,משפט,משפט,,,,,,
,,7,להצדיק,,,,,,,
,,8,רשע,,,,,,,
,3,1,על,,,,,,,
,,2,חשבון,,,,,,,
,,3,,,,,,,,
,,4,שותף,שותף,Same,,,,,
,,5,,,,,,,,
,,6,ודרך,וא֔רח,Lexical,,,,,
,,7,ועל,,,,,,,
,,8,מחלקת,,,,,,,
,,9,נחלה,,,,,,,
,,10,ויש,וישר,Lexical,,,,,
,4ab,1,על,,,,,,,
,,2,שחקי,,,,,,,
,,3,מזנים,,,,,,,
,,4,ופלס,,,,,,,
,,5,וע̊ל,,,,,,,
,,6,תמחי,תמורת,,,,,,
,,7,איפה,אפה,Morphological,Orthographical,,,,
,,8,ואבן,ואפה,,,,,,
,4c/5a,1,על,,,,,,,
,,2,מקנה,חשבון,,,,,,
,,3,בין,,,,,,,
,,4,ר̇ב̊,,,,,,,
,,5,למע̊[ט],,,,,,,
,,6,[ועל ],,,,,,,
,,7,מ̊מחיר,מוסר,,,,,,
,,8,ממכר,,,,,,,
,,9,תגר,,,,,,,
,,10,[]ר֯ה,,,,,,,
,,11,ועבד,,,,,,,
,,12,רע,,,,,,,
,,13,וצלע,,,,,,,
,,14,מהלמת,,,,,,,
,6,1,[על,,,,,,,
,,2,אשה,,,,,,,
,,3,תפ]ש̇ת,טפשה,,,,,,
,,4,חותם,חותם,Same,,,,,
,,5,,,,,,,,
,,6,ומקום,,,,,,,
,,7,ידים,,,,,,,
,,8,רבות,,,,,,,
,,9,מפתח,,,,,,,
,7,1,על,,,,,,,
,,2,מ̇[קום],,,,,,,
,,3,תפקיד,מ̇פ֯קד,Morphological,Orthographical,,,,
,,4,,יד,,,,,,
,,5,מספר,תחשוב,Lexical,Synonym,,,,
,,6,ש[ואה ],ושואה,,,,,,
,,7,ו̊תת,ותתה,Morphological,Orthographical,,,,
,,8,הכל,,,,,,,
,,9,בכתב,,,,,,,
,8,1,על,,,,,,,
,,2,מו̊[סר,מרדות,Unclassifiable,,,,,
,,3,פ]ותה,,,,,,,
,,4,וכסיל,,,,,,,
,,5,[וש]ב,ושב,Unclassifiable,,,,,
,,6,כ̇ושל,כושל,Same,,,,,
,,7,ענה,ועונה,Morphological,Coordination,Orthographical,,,
,,8,,,,,,,,
,,9,,,,,,,,
,,10,בזנות,,,,,,,
,,11,והיית,,,,,,,
,,12,זהיר,,,,,,,
,,13,באמת,,,,,,,
,,14,[ואיש,,,,,,,
,,15,צנו]ע̊,,,,,,,
,,16,לפ̇נ̇י̇,,,,,,,
,,17,כל,,,,,,,
,,18,ח̇י̊,,,,,,,
,9,1,בש̇{א}ת,,,,,,,
,,2,לאב,,,,,,,
,,3,מטמון,מטמון,Same,,,,,
,,4,שק̇[ר],,,,,,,
,,5,[דאגתה,,,,,,,
,,6,תפ]ר֯יד,,,,,,,
,,7,נומה,,,,,,,
,,8,בנעוריה,,,,,,,
,,9,פן,,,,,,,
,,10,תמאס,,,,,,,
,,11,וב̇על̇יה,,,,,,,
,,12,פן,,,,,,,
,,13,ת̊[פת]ה̊,,,,,,,
,10,1,בבתוליה,,,,,,,
,,2,פן,,,,,,,
,,3,תחל,תתפתה,Lexical,,,,,
,,4,ועל,,,,,,,
,,5,אישה̇,,,,,,,
,,6,[ פן],,,,,,,
,,7,תשטה̊,,,,,,,
,,8,בית,,Morphological,Preposition,,,,
,,9,אביה,,,,,,,
,,10,פן,,,,,,,
,,11,תזריע,פחזה,,,,,,
,,12,ובעל̇ה̊,,,,,,,
,,13,,,,,,,,
,,14,[ פן,,,,,,,
,,15,תע]צ֯ר,,,,,,,
,11,1,[בני],,,,,,,
,,2,ע̊ל̊,,,,,,,
,,3,בת,,,,,,,
,,4,,,,,,,,
,,5,חזק̊,,Morphological,Determination,,,,
,,6,משמר,,Same,,,,,
,,7,[פ]ן,,,,,,,
,,8,ת̇ע̊[שה,,,,,,,
,,9,,,,,,,,
,,10,[,,,,,,,
,,11,דבת,,,,,,,
,,12,עיר,,,,,,,
,,13,וקהלת,,,,,,,
,,14,עם,,,,,,,
,,15,],,,,,,,
,,16,,,,,,,,
,,17,שע]ר̊,,,,,,,
,,18,מקום,,,,,,,
,,19,תגור,,,,,,,
,,20,אל,,,,,,,
,,21,יה̊י,,,,,,,
,,22,[,,,,,,,
,,23,,,,,,,,
,,24,,,,,,,,
,,25,,,,,,,,
,,26,סב]י̊ב,,,,,,,
,12,1,לכל,,,,,,,
,,2,זכר,תזכר,Morphological,Grammatical,,,,
,,3,אל,,,,,,,
,,4,תבן,,,,,,,
,,5,תאר,,,,,,,
,,6,[,,,,,,,
,,7,,,,,,,,
,,8,,,,,,,,
,,9,],,,,,,,
,13,1,כי,,,,,,,
,,2,מבגד,,,,,,,
,,3,יצא,,,,,,,
,,4,סס,,,,,,,
,,5,[ומא]ש̊ה,,,,,,,
,,6,רעת,,,,,,,
,,7,א̊שה,,,,,,,
,14,1,טוב,טוב,Same,,,,,
,,2,רע,רע,Same,,,,,
,,3,איש,איש,Same,,,,,
,,4,מטוב,מטוב,Same,,,,,
,,5,א̇שה,אשה,Same,,,,,
,,6,ובת,ובת,Same,,,,,
,,7,מפחדת,מח֟רפת,Lexical,,,,,
,,,מפחדת,,Lexical,Metathesis,,,,
,,8,מבול,תביע,Lexical,,,,,
,,9,חרפה,חרפה,Same,,,,,
,15,1,אזכרה,,,,,,,
,,2,נא,,,,,,,
,,3,מעשי,,,,,,,
,,4,אל,,,,,,,
,,5,ו̇זה,,,,,,,
,,6,חזיתי,,,,,,,
,,7,ואשננה,,,,,,,
,,8,באמר,,,,,,,
,,9,אדני,,,,,,,
,,10,מעשיו,מעשיו,Same,,,,,
,,11,ופעל,,,,,,,
,,12,רצנו,,,,,,,
,,13,לקחו,לקח,Morphological,Grammatical,,,,
,16,1,שמש,,,,,,,
,,2,זהרת,,,,,,,
,,3,על,,,,,,,
,,4,כל,,,,,,,
,,5,נגלת[ה ],,,,,,,
,,6,[וכ]בוד,,,,,,,
,,7,אדני,,,,,,,
,,8,מלא,,,,,,,
,,9,,,,,,,,
,,10,מעשיו,,,,,,,
,17,1,לא,,,,,,,
,,2,השפיקו,,,,,,,
,,3,קדשי,,,,,,,
,,4,אל,,,,,,,
,,5,לספר,,,,,,,
,,6,כל,,,,,,,
,,7,נפלאתיו,גבורותיו,Lexical,,,,,
,,8,,,,,,,,
,,9,אמץ,,,,,,,
,,10,אדני,,,,,,,
,,11,צ̇ב̊איו,,,,,,,
,,12,להתחזק,,,,,,,
,,13,לפני,,,,,,,
,,14,כבודו,,,,,,,
,18,1,תהום,,,,,,,
,,2,ולב,,,,,,,
,,3,חקר,,,,,,,
,,4,,,,,,,,
,,5,ובמערמיהם,,,,,,,
,,6,יתבונן,,,,,,,
,,7,כי,,,,,,,
,,8,ידע,,,,,,,
,,9,עליו̇ן,,,,,,,
,,10,כל,,,,,,,
,,11,[],,,,,,,
,,12,[ו]מ̇ביט,,,,,,,
,,13,אתיות,,,,,,,
,,14,עולם,,,,,,,
,19,1,,,,,,,,
,,2,,,,,,,,
,,3,,ונהיות,,,,,,
,,4,,,,,,,,
,,5,,,,,,,,
,,6,,,,,,,,
,20,1,לא,,,,,,,
,,2,נעדר,,,,,,,
,,3,ממנו,,,,,,,
,,4,,,,,,,,
,,5,שכל,,,,,,,
,,6,ולא̊,,,,,,,
,,7,עב[ר]ו,חלף,,,,,,
,,8,,מנו,,,,,,
,,9,כל,,,,,,,
,,10,דבר,,,,,,,
,21,1,גבורת,גבורות,Morphological,Grammatical,,,,
,,2,חכמ̊[תו,,,,,,,
,,3,],,,,,,,
,,4,אחד,,,,,,,
,,5,ה̇[ו]א̊,,,,,,,
,,6,[מע]ולם,מהעולם,,,,,,
,,7,לא,,,,,,,
,,8,נאסף,,,,,,,
,,9,[ול]א̊,,,,,,,
,,10,נ̊[א]צ̊[ל],,,,,,,
,,11,[ו]ל[א,,,,,,,
,,12,צרי]ך̊,צרך,,,,,,
,,13,לכ̇ל,,,,,,,
,,14,מבין,,,,,,,
,23a/25a,1,הכל,,,,,,,
,,2,חי,,,,,,,
,,3,ועמ̇[ד],וקים,,,,,,
,,4,לעד,,,,,,,
,,5,זה,,,,,,,
,,6,על,,,,,,,
,,7,זה,,,,,,,
,,8,חלף,,,,,,,
,,9,טובם,טוב,Morphological,Grammatical,,,,
,,10,ו]כל,לכל,,,,,,
,,11,צרך,צרוך,Morphological,Grammatical,,,,
,,,צרך,צרוך,Morphological,Orthographical,,,,
,,12,והכל,,,,,,,
,,13,נשמר,,,,,,,
,25b/43:1a,1,[ו]מי,ומי,,,,,,
,,2,ישבע,,,,,,,
,,3,להביט,,,,,,,
,,4,הודם,,,,,,,
,,5,תאר,תואר,Morphological,Orthographical,,,,
,,6,מרום,,,,,,,
,,7,ורקיע,רקע,Morphological,Orthographical,Determination,,,
,,8,,על,,,,,,
,,9,לטהר,טהר̇̇,Morphological,Preposition,,,,
,43:1b/42:23b,1,עצם,ועצם,Morphological,Determination,,,,
,,2,שמים,,,,,,,
,,3,מ֯[בי]ע֯,מביט,,,,,,
,,4,נ̊ה̇ו̇ר̇ו̇,נהרה,Morphological,Orthographical,,,,
,,5,[ו]כל,,,,,,,
,,6,צרך,,,,,,,
,,7,והכל,,,,,,,
,,8,נשמר,,,,,,,
,24,1,כלם,,,,,,,
,,2,ש֯נ֯[ים,,,,,,,
,,3,[זה],,,,,,,
,,4,לעמת,,,,,,,
,,5,זה,,,,,,,
,,6,ולא,,,,,,,
,,7,עשה,,,,,,,
,,8,מה̇ם,,,,,,,
,,9,[שוא],,,,,,,
,2,1,שמש,,,,,,,
,,2,מופיע,מופיע,Same,,,,,
,,3,בצאתו,בצאתו,Same,,,,,
,,4,נכסה,,,,,,,
,,5,כלי,,,,,,,
,,6,נורא,,,,,,,
,,7,מעשה,,,,,,,
,,8,[ע]ליון,,,,,,,
,3,1,בהצהירו,,,,,,,
,,2,יר̇[תי]ח,,,,,,,
,,3,תבל,,,,,,,
,,4,ו̇לפני,,,,,,,
,,5,חרב,,,,,,,
,,6,מי,,,,,,,
,,7,יתכ[ו]לל,,,,,,,
,4,1,[כ]ור,,,,,,,
,,2,נ̊פוח̇,,,,,,,
,,3,מע̇שי,,,,,,,
,,4,מוצק,מוצק,Same,,,,,
,,5,של[וח,,,,,,,
,,6,ש]מ̇ש,,,,,,,
,,7,[י]ש̊י̊ק̊,,,,,,,
,,8,,,,,,,,
,,9,לשון,לשון,Same,,,,,
,,10,מאור,,,,,,,
,,11,ת[ג]מיר,,,,,,,
,,12,נושבת,,,,,,,
,,13,[,,,,,,,
,,14,,,,,,,,
,,15,],,,,,,,
,5,1,כי,,,,,,,
,,2,גדול,גדול,,,,,,
,,3,אדני,עליון,,,,,,
,,4,עשהו,ע̇שה,,,,,,
,,5,ודבר̊[,,,,,,,
,,6,,,,,,,,
,,7,[,,,,,,,
,6,1,וגם,,,,,,,
,,2,י]ר̇ח,,,,,,,
,,3,יאריח,,,,,,,
,,4,עתות,עת,Same,,,,,
,,5,,עת,,,,,,
,,6,ממ̇[שלת,,,,,,,
,,7,],,,,,,,
,,8,,,,,,,,
,,9,[,,,,,,,
,7,1,לו,בו,Lexical,,,,,
,,2,מו̊[ ע]ד̇,,,,,,,
,,3,וממנו,וממנו,Same,,,,,
,,4,חג,,,,,,,
,,5,[,,,,,,,
,,6,,,,,,,,
,,7,],,,,,,,
,8,1,ח̊ד̇ש,,,,,,,
,,2,כשמו,כשמו,Same,,,,,
,,3,הוא,והוא,Morphological,Determination,,,,
,,4,מת̇[חדש ],,,,,,,
,,5,[,,,,,,,
,,6,,,,,,,,
,,7,],,,,,,,
,,8,כלי,,,,,,,
,,9,צבא,,,,,,,
,,10,נבלי,,,,,,,
,,11,מרום,,,,,,,
,,12,מרצ̊ף̊,,,,,,,
,,13,[,,,,,,,
,,14,],,,,,,,
,9,1,תור,,,,,,,
,,2,שמים,,,,,,,
,,3,והוד,,,,,,,
,,4,כוכב,,,,,,,
,,5,עדי,עדי,Same,,,,,
,,6,משריק,משריק,Same,,,,,
,,7,במרמ̇[י,,,,,,,
,,8,אל],,,,,,,
,10,1,בדבר,,,,,,,
,,2,אדני,,,,,,,
,,3,יעמד,,,,,,,
,,4,חק,,,,,,,
,,5,ולא̇,,,,,,,
,,6,ישח,ישון,Lexical,,,,,
,,7,באשמרתם,,,,,,,
,11,1,ראה,,,,,,,
,,2,קשת,,,,,,,
,,3,וברך,,,,,,,
,,4,עשיה,עושה,Morphological,Grammatical,,,,
,,5,כי,,,,,,,
,,6,מא̊ד,,,,,,,
,,7,נהדר,נהדרה,Morphological,Orthographical,,,,
,,8,נ̊ה̊ר̇ת̊ו̊,,,,,,,
,12,1,חוג̇,הוד,Lexical,,,,,
,,2,[],,,,,,,
,,3,בכבודה,בכבודו,Morphological,Suffix Pron.,,,,
,,4,[ו]יד,,,,,,,
,,5,אל,לׂא,Lexical,Synonym,,,,
,,6,נטתה,,,,,,,
,,7,בגבו̊[רה],,,,,,,
,13,1,גערתו,,Same,,,,,
,,2,ת[תו]ה̊,,,,,,,
,,3,ברד,,Lexical,,,,,
,,4,ותנצח,תנצח,Morphological,Coordination,,,,
,,,ותנצח,,Lexical,,,,,
,,5,זיקות,זלקים,Lexical,,,,,
,,,זיקות,,Lexical,,,,,
,,6,משפט,,,,,,,
,14,1,למענו,למענו,Same,,,,,
,,2,פרע,,,,,,,
,,3,אוצר,,,,,,,
,,4,ויעף,,,,,,,
,,5,עבים,,,,,,,
,,6,כעיט,,,,,,,
,17,1,קול,,,,,,,
,,2,רעמו,,,,,,,
,,3,יחיל,יחיל,Same,,,,,
,,4,ארצו,,,,,,,
,,5,עלעול,עלעול,Same,,,,,
,,6,>,>,,,,,,
,,7,סופה,,,,,,,
,,8,וסערה,,,,,,,
,,9,כרשף,כר',,,,,,
,,10,יפרח,,,,,,,
,,11,שלגו,,,,,,,
,,12,וכארבה,,,,,,,
,,13,ישכן,,,,,,,
,,14,רדתו,רד',,,,,,
,16,1,ובכחו,ובכוחו,Morphological,Orthographical,,,,
,,2,יניף,יזעים,Lexical,,,,,
,,3,הרים,הרים,Same,,,,,
,,4,אמר֯ת֯ו֯,אימתו,Lexical,,,,,
,,5,תחריף,תחרף,Morphological,Orthographical,,,,
,,6,תימן,תימן,Same,,,,,
,18,1,תור,,,,,,,
,,2,לבנו,,,,,,,
,,3,יהג,יהגה,Morphological,Orthographical,,,,
,,4,עינים,,,,,,,
,,5,וממטרו,,,,,,,
,,6,יתמיה,,,,,,,
,,7,לבב,,,,,,,
,19,1,[וגם],,,,,,,
,,2,כ̊פ̊ו̊ר,,,,,,,
,,3,כמלח,,,,,,,
,,4,ישפך,ישפך,Same,,,,,
,,5,ויצמח,,,,,,,
,,6,כסנה,,,,,,,
,,7,צצים,,,,,,,
,20,1,[צנת,,,,,,,
,,2,רו]ח̊,,,,,,,
,,3,צ̊פ̇ו̇ן,,,,,,,
,,4,ישיב,,,,,,,
,,5,וכרגב,,,,,,,
,,6,יקפיא,,,,,,,
,,7,מקור,מקוה,Lexical,,,,,
,,8,[על,,,,,,,
,,9,כל,,,,,,,
,,10,מע]מד,,,,,,,
,,11,מ̊ימ,,,,,,,
,,12,יקר̇[ים],,,,,,,
,,13,[,,,,,,,
,,14,,,,,,,,
,,15,],,,,,,,
,21,1,[יבול,,,,,,,
,,2,הרי]ם,,,,,,,
,,3,ח֯ר֯ב,,,,,,,
,,4,י̇ש̇[יק,,,,,,,
,,5,[,,,,,,,
,,6,,,,,,,,
,,7,],,,,,,,
,23,1,[,,,,,,,
,,2,,,,,,,,
,,3,,,,,,,,
,,4,,,,,,,,
,,5,],,,,,,,
,,6,א̇יים,אוצר,Lexical,,,,,
,24,1,[,,,,,,,
,,2,,,,,,,,
,,3,,,,,,,,
,,4,],,,,,,,
,,5,ל̇שמע,,,,,,,
,,6,אזנינו,,,,,,,
,,7,נשמתם,,,,,,,
,25,1,[,,,,,,,
,,2,,,,,,,,
,,3,,,,,,,,
,,4,],,,,,,,
,,5,מ̊י̊ן,,,,,,,
,,6,כ̊[ל,,,,,,,
,,7,חי,,,,,,,
,,8,ו]ג֯ב֯ו֯רת,,,,,,,
,,9,רה̇ב,,,,,,,
,30,1,],,,,,,,
,,2,,,,,,,,
,,3,,,,,,,,
,,4,,,,,,,,
,,5,,,,,,,,
,,6,,,,,,,,
,,7,,,,,,,,
,,8,,,,,,,,
,,9,]ש,,,,,,,
,,10,אל,,,,,,,
,,11,],,,,,,,
,,12,,,,,,,,
,,13,,,,,,,,
,,14,,,,,,,,
,,15,,,,,,,,
,,16,,,,,,,,
,,17,,,,,,,,
,,18,[,,,,,,,
,1,1,[אהללה,,,,,,,
,,2,נ]א̊,,,,,,,
,,3,אנ̊[שי],,,,,,,
,,4,חסד,,,,,,,
,,5,את,את,Same,,,,,
,,6, אב[ותינו, (אב[ותינו),,,,,,
,,7,[,,,,,,,
,2,1,רב,,,,,,,
,,2,כבוד,,,,,,,
,,,חלק,חלק,Same,,,,,
,,3,חלק,(חלק) להם,,,,,,
,,4,עליון,,,,,,,
,,5,וגדלה,,,,,,,
,,6,מי[מות,,,,,,,
,,7,עולם],,,,,,,
,3,1,>,,,,,,,
,,2,>,,,,,,,
,,3,>,,,,,,,
,,4,>,,,,,,,
,,5,>,,,,,,,
,,6,>,,,,,,,
,,7,ויעצים,יו‘,,,,,,
,,8,בתבונתם,,,,,,,
,,9,>,,,,,,,
,,10,וחזי,,,,,,,
,,11,כל,,,,,,,
,,12,בנבו̇[אתם],,,,,,,
,4,1,שרי,,,,,,,
,,2,גוי,,,,,,,
,,3,ב̊מ̇זמת̊ם̇,,,,,,,
,,4,ורזנים,,,,,,,
,,5,במחקק[תם,,,,,,,
,,6,חכמי,,,,,,,
,,7,שיח,,,,,,,
,,8,בספרתם,במס‘,Lexical,,,,,
,,9,ומשלים,,,,,,,
,,10,במ̇[שמרותם],,,,,,,
,5,1,חקרי,,,,,,,
,,2,מזמור,,,,,,,
,,3,על,,,,,,,
,,4,קו,קו,Same,,,,,
,,5,ונשאי,,,,,,,
,,6,משל̊,,,,,,,
,,7,[בכתב],,,,,,,
,6,1,אנשי,,,,,,,
,,2,חיל,,,,,,,
,,3,וסמכי,,,,,,,
,,4,כח,,,,,,,
,,5,ושקט֯[ים,,,,,,,
,,6,,,,,,,,
,,7,[,,,,,,,
,7,1,כל,,,,,,,
,,2,אלה,,,,,,,
,,3,בדרם,,,,,,,
,,4,נכבדו,נכבד,Same,,,,,
,,5,מ]ן,ובימיהם,,,,,,
,,6,[ימיהם,,,,,,,
,,7,תפארתם],,,,,,,
,9,1,ויש,,,,,,,
,,2,מהם,,,,,,,
,,3,,,,,,,,
,,4,שאין,,,,,,,
,,5,לו,,,,,,,
,,6,זכר,,,,,,,
,,7,[,,,,,,,
,,8,,,,,,,,
,,9,],,,,,,,
,,10,כאשר,,,,,,,
,,11,לא,,,,,,,
,,12,היו,,,,,,,
,,13,היו,,,,,,,
,,14,ו[,,,,,,,
,,15,[,,,,,,,
,10,1,אולם,,,,,,,
,,2,אלה,,,,,,,
,,3,אנשי,,,,,,,
,,4,חסד,,,,,,,
,,5,וצ[דקתם,,,,,,,
,,6,[,,,,,,,
,,7,],,,,,,,
,11,1,אם,,,,,,,
,,2,זרעם,,,,,,,
,,3,נאמן,,,,,,,
,,4,טובם,,,,,,,
,,5,ונחל̊[תם,,,,,,,
,,6,[,,,,,,,
,,7,],,,,,,,
,12,1,בבריתם,,,,,,,
,,2,עמד,,,,,,,
,,3,זרעם,,,,,,,
,,4,וצאצאיהם,,,,,,,
,,5,],,,,,,,
,,6,[,,,,,,,
,13,1,ע̊ד̇,,,,,,,
,,2,עולם,,,,,,,
,,3,יעמד,,,,,,,
,,4,זרעם,,,,,,,
,,5,וכבודם,,,,,,,
,,6,לא,,,,,,,
,,7,ימח̊[ה],,,,,,,
,14,1, ג̊וי̊[ת]ם,,,,,,,
,,2,בשלום,,,,,,,
,,3,נאספה,,,,,,,
,,4,[ו]שמם,,,,,,,
,,5,חי,,,,,,,
,,6,לדוד,,,,,,,
,,7,ודר,,,,,,,
,15,1,[],חכמתם,,,,,,
,,2,ת]ש֯ן̇,תשנה,,,,,,
,,3,עדה,עדה,Same,,,,,
,,4,ותהלתם,ותהלתם,Same,,,,,
,,5,יספר,יספר,Same,,,,,
,,6,קהל,קהל,Same,,,,,
,16,1,>,,,,,,,
,,2,>,,,,,,,
,,3,>,,,,,,,
,,4,>,,,,,,,
,,5,>,,,,,,,
,,6,>,,,,,,,
,,7,>,,,,,,,
,,8,>,,,,,,,
,,9,>,,,,,,,
,,10,>,,,,,,,
,,11,>,,,,,,,
,17,1,נוח,,,,,,,
,,2,צדיק̇,,,,,,,
,,3,נ̊מצא,,,,,,,
,,4,תמים,,,,,,,
,,5,ב[עת,ב‘,,,,,,
,,6,כ]ל[ה,,,,,,,
,,7,[,,,,,,,
,,8,],,,,,,,
,,9,ב̊ע̊[בורו,,,,,,,
,,10,[,,,,,,,
,,11,,,,,,,,
,,12,,,,,,,,
,,13,,,,,,,,
,,14,],,,,,,,