Chapter,Verse,Word,MS_D,MS_Bmg,Categories,Subcategories_1,Subcategories_2,Lexical,Synonym
37,1,1,כל,כל,Same,,,,
,,2,אוהב,אוהב,Lexical,,,,
,,3,יאמר,אומר,Morphological,Grammatical,,,
,,4,אהבתי,אהבתי,Same,,,,
,,5,אך,אך,Same,,,,
,,6,יש,יש,Same,,,,
,,7,אהב,אוהב,Morphological,Orthographical,,,
,,8,שם,שם,Same,,,,
,,9,אהב,אוהב,Morphological,Orthographical,,,
,2,1,הלא,הלא,Same,,,,
,,2,דין,דין,Same,,,,
,,3,מגיע,מגיע,Same,,,,
,,4,עד,על,Lexical,Preposition,,,
,,5,מות,מות,Same,,,,
,,6,ריע,רע,Morphological,Orthographical,,,
,,7,כנפש,כ̇נפ̇ש̇ך̇,Morphological,Suffix Pron.,,,
,,8,נהפך,נהפך̇,Same,,,,
,,9,לצר,לצ̇ר̇׃,Same,,,,
37,3,1,הוֹי,הוי,Same,,,,
,,2,רַ֭ע,ריֵע,Morphological,Orthographical,,Morphological,Anthonym
,,3,יאֹמַ֥ר,יאמר,Same,,,Inversion,Metathesis
,,4,מדוע,מ׳,Unclassifiable,,,Unclassifiable,Letter interchange
,,5,,,,,,,Lexical
,,6,נוצָ֑רתי,נוצרתי,Same,,,,Masc/Fem
,,7,לְמַלֵּא֤,,,,,Plus_Minus,Phonetic_affinity
,,8,פְנֵי֭,,,,,Same,Grammatical
,,9,תֵבֵֿל֥,,,,,Unclassifiable,Orthographical
,,10,תַּרְמִיֽת,,,,,,Coordination
,4,1,מרע,מדּוּע,Lexical,,,,Determination
,,2,אוהב,,,,,,Singular/Plural
,,3,מביט,,,,,,Suffix Pron.
,,4,על,על,Same,,,,Syntax
,,5,שחת,שחת,Same,,,,Mispelling
,,6,ובעת,,,,,,Preposition
,,7,צוקה,,,,,,
,,8,מנוב,מנוב,Same,,,,
,,9,יעמוד,,,,,,
,5,1,אוהב,אוהב,Same,,,,
,,2,טוב,טוב,Same,,,,
,,3,נלחם,נלחם,Same,,,,
,,4,עם,עם,Same,,,,
,,5,זר,זר,Same,,,,
,,6,ונגד,ונגד,Same,,,,
,,7,ערים,ערים,Same,,,,
,,8,יחזיק,יחזיק,Same,,,,
,,9,צנה,צנה,Same,,,,
,6,1,אל,,,,,,
,,2,תשכח,תכחש,Lexical,Metathesis,,,
,,3,חבר,חבר,Same,,,,
,,4,בֶקֶרֶב,בקבר,Same,,,,
,,5,ואל,,,,,,
,,6,תעזבהו,,,,,,
,,7,בשללך,,,,,,
,7,1,כל,,,,,,
,,2,יועץ,,,,,,
,,3,אומר,אומר,Same,,,,
,,4,חזה,חוזה,Morphological,Orthographical,,,
,,5,אך,,,,,,
,,6,יש,,,,,,
,,7,יועץ,,,,,,
,,8,דרך,,,,,,
,,9,עליו,עליו,Same,,,,
,,10,,,,,,,
,8,1,,מה,Plus_Minus,,,,
,,2,מ̇י̇ו̇עץ,יועץ,Morphological,Preposition,,,
,,3,שמר,,,,,,
,,4,נפ{ש}שך,,,,,,
,,5,ודע,,,,,,
,,6,לפנים,,,,,,
,,7,מה,,,,,,
,,8,צרכו,,,,,,
,,9,כי,,,,,,
,,10,גם,,,,,,
,,11,הוא,,,,,,
,,12,נפשו,נפשו,Same,,,,
,,13,יחשב,,,,,,
,,14,למה,,,,,,
,,15,זה,,,,,,
,,16,אליו,,,,,,
,,17,יפול,,,,,,
,9,1,וי̇א̇מ̇ר,,,,,,
,,2,לך,,,,,,
,,3,להביט,להביט,Same,,,,
,,4,דרכיך,ראֹשֶך,Lexical,,,,
,,,דרכיך,ראשך,Lexical,,,,
,,5,וקם,,,,,,
,,6,מנגד,,,,,,
,,7,להביט,,,,,,
,,8,ראשך,,,,,,
,11,1,עם,,,,,,
,,2,אשה,,,,,,
,,3,אל,אל,Same,,,,
,,4,צרתה,,,,,,
,,5,ומלוכד,ומלוכד,Same,,,,
,,6,על,על,Same,,,,
,,7,מלחמה,מלחמה,Same,,,,
,,8,עם,,,,,,
,,9,סוחר,,,,,,
,,10,אל,,,,,,
,,11,תתגר,,,,,,
,,12,ומקונה,ומקונה,Same,,,,
,,13,על,,,,,,
,,14,ממכרו,ממכרו,Same,,,,
,,15,עם,,,,,,
,,16,סוחר,,,,,,
,,17,אל,,,,,,
,,18,תתגר,,,,,,
,,19,גמילות,,,,,,
,,20,ומקונה,,,,,,
,,21,על,,,,,,
,,22,ממכרו,,,,,,
,,23,עם,,,,,,
,,24,איש,,,,,,
,,25,רע,,,,,,
,,26,על,על,Same,,,,
,,27,גמילות,גמילות,Same,,,,
,,28,חסד,,,,,,
,,29,ואכזרי,,,,,,
,,30,על,,,,,,
,,31,טוב,,,,,,
,,32,בשר,,,,,,
,,33,פועל,,,,,,
,,34,שכיר,שכיר,Same,,,,
,,35,על,,,,,,
,,36,מ̊לאכת[ו],,,,,,
,,37,שכיר,,,,,,
,,38,שנה,,,,,,
,,39,על,,,,,,
,,40,מוצא,,,,,,
,,41,זרע,,,,,,
,12,1,אך,,,,,,
,,2,אם,,,,,,
,,3,איש,איש,Same,,,,
,,4,מפחד,,,,,,
,,5,תמיד,,,,,,
,,6,א̊ש̊ר̊,,,,,,
,,7,תד̊ע,,,,,,
,,8,שומר,,,,,,
,,9,מצוה,מצותיו,Morphological,Suffix Pron.,,,
,,10,אשר̇,,,,,,
,,11,ע̇ם̇,,,,,,
,,12,ב̇לב̇בו̇,כבלבבו,Morphological,Preposition,,,
,,13,כלב̇ב̇ך̊,,,,,,
,,14,ואם,,,,,,
,,15,יכשל,,,,,,
,,16,יעבד,י̇עכר,Lexical,Mispelling,,,
,,17,בך,בך,,,,,
,13,1,וגם,,,,,,
,,2,עצת̇,,,,,,
,,3,לבבו̇,לבבו,Same,,,,
,,4,כך,כך,Same,,,,
,,5,כי,כי,Same,,,,
,,6,אם,אם,Same,,,,
,,7,,,,,,,
,,8,אמון,אמון,Same,,,,
,,9,ממנו,ממנו,Same,,,,
,14,1,לב,,Same,,,,
,,2,אנוש,,Same,,,,
,,3,מגיד,מגיד,Same,,,,
,,4,שעיותיו,,,,,,
,,5,משבעה,משבעים,Morphological,Singular/Plural,,,
,,6,צפים,צפים,,,,,
,,7,על,,,,,,
,,8,שן,שן,Same,,,,
,15,1,ועִם,,,,,,
,,2,כל,,,,,,
,,3,אלה,,,,,,
,,4,העתר,העתר,Same,,,,
,,5,אל,,,,,,
,,6,אֵל,,,,,,
,,7,אשר,,,,,,
,,8,יכין,,,,,,
,,9,באמת,,,,,,
,,10,צעדך,,,,,,
,16,1,ראש,,,,,,
,,2,כל,,,,,,
,,3,מעשה,,,,,,
,,4,מאמר,מאמר,Same,,,,
,,5,לפני,לפני,Same,,,,
,,6,כל,,,,,,
,,7,פעל,פועל,Morphological,Orthographical,,,
,,,פעל,פועל,Morphological,Grammatical,,,
,,8,היא,,,,,,
,,9,מחשבת,,,,,,
,17/18,1,עקר,עקר,Same,,,,
,,2,תחבולות,,,,,,
,,3,לבב,,,,,,
,,4,ארבעה,,,,,,
,,5,שרביטים,שרביטים,Same,,,,
,,6,יפריח,יפריח,Same,,,,
,,7,טוב,,,,,,
,,8,ורע,ורע,Same,,,,
,,9,מות,,,,,,
,,10,וחיים,,,,,,
,,11,ומשלח,ומשלח,Same,,,,
,,12,בם,,,,,,
,,13,כליל,,,,,,
,,14,לשון,,,,,,
,20,1,ויש,,,,,,
,,2,חכם,,,,,,
,,3,בדברו,,,,,,
,,4,ימאס,,,,,,
,,5,ומכל,,,,,,
,,6,מאכל,,,,,,
,,7,תענוג,,,,,,
,,8,נבצר,,,,,,
,25,1,חיי,,,,,,
,,2,אנוש,,,,,,
,,3,ימים,,,,,,
,,4,מספר,,,,,,
,,5,וחיי,,,,,,
,,6,,,,,,,
,,7,ישרון,יש(ו)רון,Morphological,Orthographical,,,
,,8,ימי,,,,,,
,,9,אין,,,,,,
,,10,מספר̊,,,,,,
,,11,,,,,,,
,,12,,,,,,,
,,13,,,,,,,
,,14,,,,,,,
,,15,,,,,,,
,,16,,,,,,,
,,17,,,,,,,
,,18,,,,,,,
,,19,,,,,,,
,27,1,בני,,,,,,
,,2,בחמר,בחמר,Same,,,,
,,3,נס,,,,,,
,,4,נפשך,,,,,,
,,5,וראה,,,,,,
,,6,מה,,,,,,
,,7,רע,,,,,,
,,8,לה,,,,,,
,,9,ואל,,,,,,
,,10,תתן,,,,,,
,,11,לה,,,,,,
,28,1,כי,,,,,,
,,2,לא,,,,,,
,,3,לכל,לכל,Same,,,,
,,4,טוב,טוב,Same,,,,
,,5,תענוג,תענוג,Same,,,,
,,6,ולא,,,,,,
,,7,לכל,,,,,,
,,8,נפש,,,,,,
,,9,כל,,,,,,
,,10,זן,,,,,,
,,11,תבחר,,,,,,
,29,1,אל,,,,,,
,,2,תזד,תזר,Same,,,,
,,,תזד,תזרו/ך,Lexical,,,,
,,3,אל,אל,Same,,,,
,,4,תענוג,,,,,,
,,5,ואל,,,,,,
,,6,תתחנג,תזרו/ך,Same,,,,
,,7,על,אל,,,,,
,,8,,,,,,,
,,9,מטעמים,מטמים,Lexical,,,,
,30,1,כי,,,,,,
,,2,ברב,,,,,,
,,3,אוכל,אוכל,Same,,,,
,,4,יקנון,ירון,Lexical,,,,
,,5,חולי,,,,,,
,,6,והמזיע,והמזיע,Same,,,,
,,7,יגוע,,,,,,
,,8,אל,,,,,,
,,9,זרא,,,,,,
,31,1,בלא,,,,,,
,,2,מוסר,,,,,,
,,3,רבים,,,,,,
,,4,גועו,גועו,Same,,,,
,,5,,,,,,,
,,6,והנשמר,ובהשמר,Morphological,Preposition,,,
,,,והנשמר,ובהשמר,Morphological,Grammatical,,,
,,7,יוסיף,,,,,,
,,8,חיים,,,,,,
38,1,1,רעה,רעה,Same,,,,
,,,רעה,רעה,Same,,,,
,,2,רועה,רועה,Same,,,,
,,3,רופא,,,,,,
,,4,לפי,לפי,Same,,,,